#;id;uid;code;name;address;officePhone;contactPerson;mobilePhone;status;createdBy;createdAt;updatedBy;updatedAt;deletedBy;deletedAt;email
1;1;clxhpk3fp0001cmube5133ci5;d25106da-1e92-4ed7-9dd5-0664ce98cdab;Luqito Masdar Hilal;Villa Nusa Indah, Cluster Nuri, Blok SD 5 No 11;081807278131;Luqito Masdar Hilal;081807278131;1;;2024-06-16 15:35:16.056;;2024-06-16 15:35:16.056;;;hilal.lucky@gmail.com
;;391e25a2-e78f-4b12-b97f-976246ebc9c9;391e25a2-e78f-4b12-b97f-976246ebc9c9;Supp-0001;Supp-Addr-0001;ofPhone-Supp-0001;pic-Supp-0001;mp_Supp-0001;1;1;16/06/2024 22:47;1;16/06/2024 22:47;;;supp-0001@mail.com
;;70c2d33e-3bc1-42ce-aa31-eda9defeed12;70c2d33e-3bc1-42ce-aa31-eda9defeed12;Supp-0002;Supp-Addr-0002;ofPhone-Supp-0002;pic-Supp-0002;mp_Supp-0002;1;1;16/06/2024 22:47;1;16/06/2024 22:47;;;supp-0002@mail.com
;;a667d8b5-e301-49e8-baef-fb702860af49;a667d8b5-e301-49e8-baef-fb702860af49;Supp-0003;Supp-Addr-0003;ofPhone-Supp-0003;pic-Supp-0003;mp_Supp-0003;1;1;16/06/2024 22:47;1;16/06/2024 22:47;;;supp-0003@mail.com
;;27ef37c8-9747-4ac0-9984-cd0a8f181110;27ef37c8-9747-4ac0-9984-cd0a8f181110;Supp-0004;Supp-Addr-0004;ofPhone-Supp-0004;pic-Supp-0004;mp_Supp-0004;0;1;16/06/2024 22:47;1;16/06/2024 22:47;;;supp-0004@mail.com
;;8e730112-76b1-4b95-8c47-d5b856d8df3c;8e730112-76b1-4b95-8c47-d5b856d8df3c;Supp-0005;Supp-Addr-0005;ofPhone-Supp-0005;pic-Supp-0005;mp_Supp-0005;1;1;16/06/2024 22:47;1;16/06/2024 22:47;;;supp-0005@mail.com
;;9b5f982f-15f9-4e9f-a6a5-62f564aef94a;9b5f982f-15f9-4e9f-a6a5-62f564aef94a;Supp-0006;Supp-Addr-0006;ofPhone-Supp-0006;pic-Supp-0006;mp_Supp-0006;1;1;16/06/2024 22:47;1;16/06/2024 22:47;;;supp-0006@mail.com
;;fdbe6b8c-b383-41b4-8a7b-c67393a0aa3a;fdbe6b8c-b383-41b4-8a7b-c67393a0aa3a;Supp-0007;Supp-Addr-0007;ofPhone-Supp-0007;pic-Supp-0007;mp_Supp-0007;1;1;16/06/2024 22:47;1;16/06/2024 22:47;;;supp-0007@mail.com
;;da12e0e8-b668-4798-b75a-1a732f92ab61;da12e0e8-b668-4798-b75a-1a732f92ab61;Supp-0008;Supp-Addr-0008;ofPhone-Supp-0008;pic-Supp-0008;mp_Supp-0008;1;1;16/06/2024 22:47;1;16/06/2024 22:47;;;supp-0008@mail.com
;;d994f051-80f8-43b6-8b6f-f180cbfe7741;d994f051-80f8-43b6-8b6f-f180cbfe7741;Supp-0009;Supp-Addr-0009;ofPhone-Supp-0009;pic-Supp-0009;mp_Supp-0009;1;1;16/06/2024 22:47;1;16/06/2024 22:47;;;supp-0009@mail.com
;;aec54eaa-ab2d-41a5-8960-48f0b0c006a9;aec54eaa-ab2d-41a5-8960-48f0b0c006a9;Supp-0010;Supp-Addr-0010;ofPhone-Supp-0010;pic-Supp-0010;mp_Supp-0010;1;1;16/06/2024 22:47;1;16/06/2024 22:47;;;supp-0010@mail.com
;;bde92188-ffee-456f-9bb2-68058447e7ae;bde92188-ffee-456f-9bb2-68058447e7ae;Supp-0011;Supp-Addr-0011;ofPhone-Supp-0011;pic-Supp-0011;mp_Supp-0011;1;1;16/06/2024 22:47;1;16/06/2024 22:47;;;supp-0011@mail.com
;;691e0859-e56d-4264-a72c-be9dd8b80f0e;691e0859-e56d-4264-a72c-be9dd8b80f0e;Supp-0012;Supp-Addr-0012;ofPhone-Supp-0012;pic-Supp-0012;mp_Supp-0012;1;1;16/06/2024 22:47;1;16/06/2024 22:47;;;supp-0012@mail.com
;;7fc0f3a1-381f-445f-be85-73c31ccc6628;7fc0f3a1-381f-445f-be85-73c31ccc6628;Supp-0013;Supp-Addr-0013;ofPhone-Supp-0013;pic-Supp-0013;mp_Supp-0013;1;1;16/06/2024 22:47;1;16/06/2024 22:47;;;supp-0013@mail.com
;;e0d9d8fd-d222-42a3-93fb-82ae3e8023b7;e0d9d8fd-d222-42a3-93fb-82ae3e8023b7;Supp-0014;Supp-Addr-0014;ofPhone-Supp-0014;pic-Supp-0014;mp_Supp-0014;1;1;16/06/2024 22:47;1;16/06/2024 22:47;;;supp-0014@mail.com
;;4016cd75-ee0e-4761-8da2-ae2244bf19fc;4016cd75-ee0e-4761-8da2-ae2244bf19fc;Supp-0015;Supp-Addr-0015;ofPhone-Supp-0015;pic-Supp-0015;mp_Supp-0015;1;1;16/06/2024 22:47;1;16/06/2024 22:47;;;supp-0015@mail.com
;;98d0b5fb-74ad-4f98-8fd2-765f08a49f8d;98d0b5fb-74ad-4f98-8fd2-765f08a49f8d;Supp-0016;Supp-Addr-0016;ofPhone-Supp-0016;pic-Supp-0016;mp_Supp-0016;1;1;16/06/2024 22:47;1;16/06/2024 22:47;;;supp-0016@mail.com
;;dacbf0b2-57ce-4d3b-9ff3-98de946b3043;dacbf0b2-57ce-4d3b-9ff3-98de946b3043;Supp-0017;Supp-Addr-0017;ofPhone-Supp-0017;pic-Supp-0017;mp_Supp-0017;1;1;16/06/2024 22:47;1;16/06/2024 22:47;;;supp-0017@mail.com
;;f19db363-d719-450a-8aad-3b6fb5ffe81d;f19db363-d719-450a-8aad-3b6fb5ffe81d;Supp-0018;Supp-Addr-0018;ofPhone-Supp-0018;pic-Supp-0018;mp_Supp-0018;1;1;16/06/2024 22:47;1;16/06/2024 22:47;;;supp-0018@mail.com
;;63e9a389-51d8-4717-8cdd-8f9c8358e497;63e9a389-51d8-4717-8cdd-8f9c8358e497;Supp-0019;Supp-Addr-0019;ofPhone-Supp-0019;pic-Supp-0019;mp_Supp-0019;1;1;16/06/2024 22:47;1;16/06/2024 22:47;;;supp-0019@mail.com
;;d8ffd282-e3a5-4080-840b-b0aa09461c86;d8ffd282-e3a5-4080-840b-b0aa09461c86;Supp-0020;Supp-Addr-0020;ofPhone-Supp-0020;pic-Supp-0020;mp_Supp-0020;1;1;16/06/2024 22:47;1;16/06/2024 22:47;;;supp-0020@mail.com
;;f95e090e-6544-48cb-9d09-4d104f8f4678;f95e090e-6544-48cb-9d09-4d104f8f4678;Supp-0021;Supp-Addr-0021;ofPhone-Supp-0021;pic-Supp-0021;mp_Supp-0021;1;1;16/06/2024 22:47;1;16/06/2024 22:47;;;supp-0021@mail.com
;;9c1469e2-0127-4725-a751-0edf3699734a;9c1469e2-0127-4725-a751-0edf3699734a;Supp-0022;Supp-Addr-0022;ofPhone-Supp-0022;pic-Supp-0022;mp_Supp-0022;0;1;16/06/2024 22:47;1;16/06/2024 22:47;;;supp-0022@mail.com
;;e4bd78ed-b9da-4112-bde2-4fc1519dd3a3;e4bd78ed-b9da-4112-bde2-4fc1519dd3a3;Supp-0023;Supp-Addr-0023;ofPhone-Supp-0023;pic-Supp-0023;mp_Supp-0023;0;1;16/06/2024 22:47;1;16/06/2024 22:47;;;supp-0023@mail.com
;;cbe64557-4a0a-4be6-9c24-4defbecf1adc;cbe64557-4a0a-4be6-9c24-4defbecf1adc;Supp-0024;Supp-Addr-0024;ofPhone-Supp-0024;pic-Supp-0024;mp_Supp-0024;0;1;16/06/2024 22:47;1;16/06/2024 22:47;;;supp-0024@mail.com
;;185d351e-d123-4f0f-9ead-c7cc5986fd56;185d351e-d123-4f0f-9ead-c7cc5986fd56;Supp-0025;Supp-Addr-0025;ofPhone-Supp-0025;pic-Supp-0025;mp_Supp-0025;1;1;16/06/2024 22:47;1;16/06/2024 22:47;;;supp-0025@mail.com
;;a04b4f30-a9c1-4631-af47-8cc21df7c22a;a04b4f30-a9c1-4631-af47-8cc21df7c22a;Supp-0026;Supp-Addr-0026;ofPhone-Supp-0026;pic-Supp-0026;mp_Supp-0026;1;1;16/06/2024 22:47;1;16/06/2024 22:47;;;supp-0026@mail.com
;;5a4841ae-5305-4012-9a87-65bb5f609120;5a4841ae-5305-4012-9a87-65bb5f609120;Supp-0027;Supp-Addr-0027;ofPhone-Supp-0027;pic-Supp-0027;mp_Supp-0027;1;1;16/06/2024 22:47;1;16/06/2024 22:47;;;supp-0027@mail.com
;;4a03a213-b277-4db7-a395-1f688c83a0da;4a03a213-b277-4db7-a395-1f688c83a0da;Supp-0028;Supp-Addr-0028;ofPhone-Supp-0028;pic-Supp-0028;mp_Supp-0028;1;1;16/06/2024 22:47;1;16/06/2024 22:47;;;supp-0028@mail.com
;;7b395a7d-456d-4612-b844-66642b32e249;7b395a7d-456d-4612-b844-66642b32e249;Supp-0029;Supp-Addr-0029;ofPhone-Supp-0029;pic-Supp-0029;mp_Supp-0029;1;1;16/06/2024 22:47;1;16/06/2024 22:47;;;supp-0029@mail.com
;;935bf6cb-8a79-481e-a68c-36dfa859b16e;935bf6cb-8a79-481e-a68c-36dfa859b16e;Supp-0030;Supp-Addr-0030;ofPhone-Supp-0030;pic-Supp-0030;mp_Supp-0030;1;1;16/06/2024 22:47;1;16/06/2024 22:47;;;supp-0030@mail.com
;;1bc95a94-5065-41ea-929d-03145745d4d5;1bc95a94-5065-41ea-929d-03145745d4d5;Supp-0031;Supp-Addr-0031;ofPhone-Supp-0031;pic-Supp-0031;mp_Supp-0031;1;1;16/06/2024 22:47;1;16/06/2024 22:47;;;supp-0031@mail.com
;;c208c67f-60e6-448c-b5a5-103f5a79d8b3;c208c67f-60e6-448c-b5a5-103f5a79d8b3;Supp-0032;Supp-Addr-0032;ofPhone-Supp-0032;pic-Supp-0032;mp_Supp-0032;1;1;16/06/2024 22:47;1;16/06/2024 22:47;;;supp-0032@mail.com
;;dfed4b9e-4286-42ad-8caf-8200b1af0562;dfed4b9e-4286-42ad-8caf-8200b1af0562;Supp-0033;Supp-Addr-0033;ofPhone-Supp-0033;pic-Supp-0033;mp_Supp-0033;1;1;16/06/2024 22:47;1;16/06/2024 22:47;;;supp-0033@mail.com
;;cfc8718f-d339-4d8b-8dd3-f20cad3b4def;cfc8718f-d339-4d8b-8dd3-f20cad3b4def;Supp-0034;Supp-Addr-0034;ofPhone-Supp-0034;pic-Supp-0034;mp_Supp-0034;1;1;16/06/2024 22:47;1;16/06/2024 22:47;;;supp-0034@mail.com
;;db8b0aa0-7bf4-4de3-8bc1-99bd0a91c530;db8b0aa0-7bf4-4de3-8bc1-99bd0a91c530;Supp-0035;Supp-Addr-0035;ofPhone-Supp-0035;pic-Supp-0035;mp_Supp-0035;2;1;16/06/2024 22:47;1;16/06/2024 22:47;;;supp-0035@mail.com
;;e69709d1-7ed4-4ad3-91bb-869e0e7596d4;e69709d1-7ed4-4ad3-91bb-869e0e7596d4;Supp-0036;Supp-Addr-0036;ofPhone-Supp-0036;pic-Supp-0036;mp_Supp-0036;1;1;16/06/2024 22:47;1;16/06/2024 22:47;;;supp-0036@mail.com
;;f58bdc81-f10f-4dd6-8dee-c36c751907ec;f58bdc81-f10f-4dd6-8dee-c36c751907ec;Supp-0037;Supp-Addr-0037;ofPhone-Supp-0037;pic-Supp-0037;mp_Supp-0037;1;1;16/06/2024 22:47;1;16/06/2024 22:47;;;supp-0037@mail.com
;;db260484-81cb-4ad9-9a13-3e6ab6583b47;db260484-81cb-4ad9-9a13-3e6ab6583b47;Supp-0038;Supp-Addr-0038;ofPhone-Supp-0038;pic-Supp-0038;mp_Supp-0038;1;1;16/06/2024 22:47;1;16/06/2024 22:47;;;supp-0038@mail.com
;;aa4c3c94-33af-41fe-b6f3-cc526655282e;aa4c3c94-33af-41fe-b6f3-cc526655282e;Supp-0039;Supp-Addr-0039;ofPhone-Supp-0039;pic-Supp-0039;mp_Supp-0039;1;1;16/06/2024 22:47;1;16/06/2024 22:47;;;supp-0039@mail.com
;;439f6a1e-edaf-4857-be2f-265d9bda237f;439f6a1e-edaf-4857-be2f-265d9bda237f;Supp-0040;Supp-Addr-0040;ofPhone-Supp-0040;pic-Supp-0040;mp_Supp-0040;1;1;16/06/2024 22:47;1;16/06/2024 22:47;;;supp-0040@mail.com
;;183cd298-93b3-456f-9159-949e4e95c6e9;183cd298-93b3-456f-9159-949e4e95c6e9;Supp-0041;Supp-Addr-0041;ofPhone-Supp-0041;pic-Supp-0041;mp_Supp-0041;1;1;16/06/2024 22:47;1;16/06/2024 22:47;;;supp-0041@mail.com
;;cd637a06-661c-4954-98c4-b6c0eec00c86;cd637a06-661c-4954-98c4-b6c0eec00c86;Supp-0042;Supp-Addr-0042;ofPhone-Supp-0042;pic-Supp-0042;mp_Supp-0042;1;1;16/06/2024 22:47;1;16/06/2024 22:47;;;supp-0042@mail.com
;;cab4f0b7-be73-4776-b944-4859b45fc432;cab4f0b7-be73-4776-b944-4859b45fc432;Supp-0043;Supp-Addr-0043;ofPhone-Supp-0043;pic-Supp-0043;mp_Supp-0043;1;1;16/06/2024 22:47;1;16/06/2024 22:47;;;supp-0043@mail.com
;;7eeb901b-a092-4123-9ff0-0d8e8a4ace74;7eeb901b-a092-4123-9ff0-0d8e8a4ace74;Supp-0044;Supp-Addr-0044;ofPhone-Supp-0044;pic-Supp-0044;mp_Supp-0044;1;1;16/06/2024 22:47;1;16/06/2024 22:47;;;supp-0044@mail.com
;;7ce3a4f2-c934-45ab-9a82-8d2f1af1afcf;7ce3a4f2-c934-45ab-9a82-8d2f1af1afcf;Supp-0045;Supp-Addr-0045;ofPhone-Supp-0045;pic-Supp-0045;mp_Supp-0045;1;1;16/06/2024 22:47;1;16/06/2024 22:47;;;supp-0045@mail.com
;;39f266dc-bca9-45cc-88ed-1336d1aeab3b;39f266dc-bca9-45cc-88ed-1336d1aeab3b;Supp-0046;Supp-Addr-0046;ofPhone-Supp-0046;pic-Supp-0046;mp_Supp-0046;1;1;16/06/2024 22:47;1;16/06/2024 22:47;;;supp-0046@mail.com
;;09d8f2a1-8ca6-43d0-b194-f58374561eb0;09d8f2a1-8ca6-43d0-b194-f58374561eb0;Supp-0047;Supp-Addr-0047;ofPhone-Supp-0047;pic-Supp-0047;mp_Supp-0047;1;1;16/06/2024 22:47;1;16/06/2024 22:47;;;supp-0047@mail.com
;;ccdd1231-d68d-4321-bbbd-61c0b7f5a6f3;ccdd1231-d68d-4321-bbbd-61c0b7f5a6f3;Supp-0048;Supp-Addr-0048;ofPhone-Supp-0048;pic-Supp-0048;mp_Supp-0048;1;1;16/06/2024 22:47;1;16/06/2024 22:47;;;supp-0048@mail.com
;;c5301253-980c-48d6-97e2-03811772e591;c5301253-980c-48d6-97e2-03811772e591;Supp-0049;Supp-Addr-0049;ofPhone-Supp-0049;pic-Supp-0049;mp_Supp-0049;1;1;16/06/2024 22:47;1;16/06/2024 22:47;;;supp-0049@mail.com
;;63b0c857-66f0-4685-8e38-e9e41d47a6ad;63b0c857-66f0-4685-8e38-e9e41d47a6ad;Supp-0050;Supp-Addr-0050;ofPhone-Supp-0050;pic-Supp-0050;mp_Supp-0050;1;1;16/06/2024 22:47;1;16/06/2024 22:47;;;supp-0050@mail.com
;;9e3aa0c5-078f-4e10-926d-d539d17d373e;9e3aa0c5-078f-4e10-926d-d539d17d373e;Supp-0051;Supp-Addr-0051;ofPhone-Supp-0051;pic-Supp-0051;mp_Supp-0051;1;1;16/06/2024 22:47;1;16/06/2024 22:47;;;supp-0051@mail.com
;;f34e2f25-c875-4a12-949c-9b5d9221fbfd;f34e2f25-c875-4a12-949c-9b5d9221fbfd;Supp-0052;Supp-Addr-0052;ofPhone-Supp-0052;pic-Supp-0052;mp_Supp-0052;2;1;16/06/2024 22:47;1;16/06/2024 22:47;;;supp-0052@mail.com
;;6d4ea9ce-b338-42b2-8253-da8ce2712f4d;6d4ea9ce-b338-42b2-8253-da8ce2712f4d;Supp-0053;Supp-Addr-0053;ofPhone-Supp-0053;pic-Supp-0053;mp_Supp-0053;1;1;16/06/2024 22:47;1;16/06/2024 22:47;;;supp-0053@mail.com
;;59d8357c-1db5-4aca-ac4f-9ee6f0a85875;59d8357c-1db5-4aca-ac4f-9ee6f0a85875;Supp-0054;Supp-Addr-0054;ofPhone-Supp-0054;pic-Supp-0054;mp_Supp-0054;1;1;16/06/2024 22:47;1;16/06/2024 22:47;;;supp-0054@mail.com
;;fa281901-1cee-4276-be8b-c247f04adf1a;fa281901-1cee-4276-be8b-c247f04adf1a;Supp-0055;Supp-Addr-0055;ofPhone-Supp-0055;pic-Supp-0055;mp_Supp-0055;1;1;16/06/2024 22:47;1;16/06/2024 22:47;;;supp-0055@mail.com
;;39fe2a47-7962-4d71-ae54-41f5964fe96f;39fe2a47-7962-4d71-ae54-41f5964fe96f;Supp-0056;Supp-Addr-0056;ofPhone-Supp-0056;pic-Supp-0056;mp_Supp-0056;1;1;16/06/2024 22:47;1;16/06/2024 22:47;;;supp-0056@mail.com
;;96593a84-288f-412e-a2f7-54b326763b7d;96593a84-288f-412e-a2f7-54b326763b7d;Supp-0057;Supp-Addr-0057;ofPhone-Supp-0057;pic-Supp-0057;mp_Supp-0057;1;1;16/06/2024 22:47;1;16/06/2024 22:47;;;supp-0057@mail.com
;;4c168123-e44d-491f-a681-47205ee03e7f;4c168123-e44d-491f-a681-47205ee03e7f;Supp-0058;Supp-Addr-0058;ofPhone-Supp-0058;pic-Supp-0058;mp_Supp-0058;1;1;16/06/2024 22:47;1;16/06/2024 22:47;;;supp-0058@mail.com
;;d1befbf9-098b-499f-bd4b-0d2d09cc2269;d1befbf9-098b-499f-bd4b-0d2d09cc2269;Supp-0059;Supp-Addr-0059;ofPhone-Supp-0059;pic-Supp-0059;mp_Supp-0059;1;1;16/06/2024 22:47;1;16/06/2024 22:47;;;supp-0059@mail.com
;;e01cdead-ba23-4c48-8eb7-ff94e12714df;e01cdead-ba23-4c48-8eb7-ff94e12714df;Supp-0060;Supp-Addr-0060;ofPhone-Supp-0060;pic-Supp-0060;mp_Supp-0060;1;1;16/06/2024 22:47;1;16/06/2024 22:47;;;supp-0060@mail.com
;;78f3bab8-b529-4b76-98b9-6efbade5696c;78f3bab8-b529-4b76-98b9-6efbade5696c;Supp-0061;Supp-Addr-0061;ofPhone-Supp-0061;pic-Supp-0061;mp_Supp-0061;1;1;16/06/2024 22:47;1;16/06/2024 22:47;;;supp-0061@mail.com
;;4af68b4d-e506-459d-bceb-63ab1f6b130a;4af68b4d-e506-459d-bceb-63ab1f6b130a;Supp-0062;Supp-Addr-0062;ofPhone-Supp-0062;pic-Supp-0062;mp_Supp-0062;1;1;16/06/2024 22:47;1;16/06/2024 22:47;;;supp-0062@mail.com
;;218a49d2-0045-4746-8aee-e617ca50eb93;218a49d2-0045-4746-8aee-e617ca50eb93;Supp-0063;Supp-Addr-0063;ofPhone-Supp-0063;pic-Supp-0063;mp_Supp-0063;1;1;16/06/2024 22:47;1;16/06/2024 22:47;;;supp-0063@mail.com
;;73e424ac-16d2-4683-a066-1e8be252fe7c;73e424ac-16d2-4683-a066-1e8be252fe7c;Supp-0064;Supp-Addr-0064;ofPhone-Supp-0064;pic-Supp-0064;mp_Supp-0064;1;1;16/06/2024 22:47;1;16/06/2024 22:47;;;supp-0064@mail.com
;;11ab6fbc-32cb-4427-b3e6-575e5d4666e9;11ab6fbc-32cb-4427-b3e6-575e5d4666e9;Supp-0065;Supp-Addr-0065;ofPhone-Supp-0065;pic-Supp-0065;mp_Supp-0065;2;1;16/06/2024 22:47;1;16/06/2024 22:47;;;supp-0065@mail.com
;;538cf68c-fa8b-458d-99d2-b86e37250b8f;538cf68c-fa8b-458d-99d2-b86e37250b8f;Supp-0066;Supp-Addr-0066;ofPhone-Supp-0066;pic-Supp-0066;mp_Supp-0066;1;1;16/06/2024 22:47;1;16/06/2024 22:47;;;supp-0066@mail.com
;;c019413e-3e9e-41bc-ad94-104261a21c41;c019413e-3e9e-41bc-ad94-104261a21c41;Supp-0067;Supp-Addr-0067;ofPhone-Supp-0067;pic-Supp-0067;mp_Supp-0067;1;1;16/06/2024 22:47;1;16/06/2024 22:47;;;supp-0067@mail.com
;;e0f7d5a8-23af-49f9-867d-a2a860138fb9;e0f7d5a8-23af-49f9-867d-a2a860138fb9;Supp-0068;Supp-Addr-0068;ofPhone-Supp-0068;pic-Supp-0068;mp_Supp-0068;1;1;16/06/2024 22:47;1;16/06/2024 22:47;;;supp-0068@mail.com
;;bade4b8d-c6c5-4b35-a185-9776c6fcd1dd;bade4b8d-c6c5-4b35-a185-9776c6fcd1dd;Supp-0069;Supp-Addr-0069;ofPhone-Supp-0069;pic-Supp-0069;mp_Supp-0069;1;1;16/06/2024 22:47;1;16/06/2024 22:47;;;supp-0069@mail.com
;;d6bfee24-125b-42a4-9b3b-16a03e373796;d6bfee24-125b-42a4-9b3b-16a03e373796;Supp-0070;Supp-Addr-0070;ofPhone-Supp-0070;pic-Supp-0070;mp_Supp-0070;1;1;16/06/2024 22:47;1;16/06/2024 22:47;;;supp-0070@mail.com
;;0bfc5007-500c-4374-9a25-f58d004275f3;0bfc5007-500c-4374-9a25-f58d004275f3;Supp-0071;Supp-Addr-0071;ofPhone-Supp-0071;pic-Supp-0071;mp_Supp-0071;1;1;16/06/2024 22:47;1;16/06/2024 22:47;;;supp-0071@mail.com
;;f55d0e1d-fa38-4f71-8bc2-a25fef1449d5;f55d0e1d-fa38-4f71-8bc2-a25fef1449d5;Supp-0072;Supp-Addr-0072;ofPhone-Supp-0072;pic-Supp-0072;mp_Supp-0072;1;1;16/06/2024 22:47;1;16/06/2024 22:47;;;supp-0072@mail.com
;;93b0e2e4-99b4-4fb7-bccf-fbc666e198ce;93b0e2e4-99b4-4fb7-bccf-fbc666e198ce;Supp-0073;Supp-Addr-0073;ofPhone-Supp-0073;pic-Supp-0073;mp_Supp-0073;1;1;16/06/2024 22:47;1;16/06/2024 22:47;;;supp-0073@mail.com
;;a15364c9-e5af-4037-bb9a-cb291dfb24f2;a15364c9-e5af-4037-bb9a-cb291dfb24f2;Supp-0074;Supp-Addr-0074;ofPhone-Supp-0074;pic-Supp-0074;mp_Supp-0074;1;1;16/06/2024 22:47;1;16/06/2024 22:47;;;supp-0074@mail.com
;;db3feae0-458e-468c-8e86-17aa53dabba7;db3feae0-458e-468c-8e86-17aa53dabba7;Supp-0075;Supp-Addr-0075;ofPhone-Supp-0075;pic-Supp-0075;mp_Supp-0075;1;1;16/06/2024 22:47;1;16/06/2024 22:47;;;supp-0075@mail.com
;;7ed85547-ba93-4ae4-9b8b-775c9f2ecc01;7ed85547-ba93-4ae4-9b8b-775c9f2ecc01;Supp-0076;Supp-Addr-0076;ofPhone-Supp-0076;pic-Supp-0076;mp_Supp-0076;1;1;16/06/2024 22:47;1;16/06/2024 22:47;;;supp-0076@mail.com
;;36372144-1848-41b9-8271-7609762ff87a;36372144-1848-41b9-8271-7609762ff87a;Supp-0077;Supp-Addr-0077;ofPhone-Supp-0077;pic-Supp-0077;mp_Supp-0077;1;1;16/06/2024 22:47;1;16/06/2024 22:47;;;supp-0077@mail.com
;;16020192-0721-410e-a966-9a827ec88b10;16020192-0721-410e-a966-9a827ec88b10;Supp-0078;Supp-Addr-0078;ofPhone-Supp-0078;pic-Supp-0078;mp_Supp-0078;1;1;16/06/2024 22:47;1;16/06/2024 22:47;;;supp-0078@mail.com
;;da9aecaf-4f3b-48b7-944b-c23e8729d028;da9aecaf-4f3b-48b7-944b-c23e8729d028;Supp-0079;Supp-Addr-0079;ofPhone-Supp-0079;pic-Supp-0079;mp_Supp-0079;3;1;16/06/2024 22:47;1;16/06/2024 22:47;;;supp-0079@mail.com
;;9edc480b-b1b1-4b3f-b9ec-8cb791477bdf;9edc480b-b1b1-4b3f-b9ec-8cb791477bdf;Supp-0080;Supp-Addr-0080;ofPhone-Supp-0080;pic-Supp-0080;mp_Supp-0080;1;1;16/06/2024 22:47;1;16/06/2024 22:47;;;supp-0080@mail.com
;;59e993db-c0b0-400b-b781-581f079c878f;59e993db-c0b0-400b-b781-581f079c878f;Supp-0081;Supp-Addr-0081;ofPhone-Supp-0081;pic-Supp-0081;mp_Supp-0081;1;1;16/06/2024 22:47;1;16/06/2024 22:47;;;supp-0081@mail.com
;;c5585613-3b96-492e-a7ea-685c8c7c4184;c5585613-3b96-492e-a7ea-685c8c7c4184;Supp-0082;Supp-Addr-0082;ofPhone-Supp-0082;pic-Supp-0082;mp_Supp-0082;1;1;16/06/2024 22:47;1;16/06/2024 22:47;;;supp-0082@mail.com
;;892f5091-4361-4408-a774-bed6bc27ca2c;892f5091-4361-4408-a774-bed6bc27ca2c;Supp-0083;Supp-Addr-0083;ofPhone-Supp-0083;pic-Supp-0083;mp_Supp-0083;1;1;16/06/2024 22:47;1;16/06/2024 22:47;;;supp-0083@mail.com
;;b245860a-a94a-42e5-96c1-78e06a66390e;b245860a-a94a-42e5-96c1-78e06a66390e;Supp-0084;Supp-Addr-0084;ofPhone-Supp-0084;pic-Supp-0084;mp_Supp-0084;1;1;16/06/2024 22:47;1;16/06/2024 22:47;;;supp-0084@mail.com
;;658ffe6b-99c1-44b9-a2b5-e6e73c5e91da;658ffe6b-99c1-44b9-a2b5-e6e73c5e91da;Supp-0085;Supp-Addr-0085;ofPhone-Supp-0085;pic-Supp-0085;mp_Supp-0085;1;1;16/06/2024 22:47;1;16/06/2024 22:47;;;supp-0085@mail.com
;;a1f7d942-d18a-4781-9926-943581851621;a1f7d942-d18a-4781-9926-943581851621;Supp-0086;Supp-Addr-0086;ofPhone-Supp-0086;pic-Supp-0086;mp_Supp-0086;1;1;16/06/2024 22:47;1;16/06/2024 22:47;;;supp-0086@mail.com
;;e1804391-fc72-4944-84a3-86ab34b9e0dc;e1804391-fc72-4944-84a3-86ab34b9e0dc;Supp-0087;Supp-Addr-0087;ofPhone-Supp-0087;pic-Supp-0087;mp_Supp-0087;1;1;16/06/2024 22:47;1;16/06/2024 22:47;;;supp-0087@mail.com
;;044eb92d-ed4a-4f6a-b9a5-c5ba5c8b5582;044eb92d-ed4a-4f6a-b9a5-c5ba5c8b5582;Supp-0088;Supp-Addr-0088;ofPhone-Supp-0088;pic-Supp-0088;mp_Supp-0088;1;1;16/06/2024 22:47;1;16/06/2024 22:47;;;supp-0088@mail.com
;;45191f35-ccf9-4084-a5cd-68ef0f3d07cc;45191f35-ccf9-4084-a5cd-68ef0f3d07cc;Supp-0089;Supp-Addr-0089;ofPhone-Supp-0089;pic-Supp-0089;mp_Supp-0089;1;1;16/06/2024 22:47;1;16/06/2024 22:47;;;supp-0089@mail.com
;;5af7e4a1-c8b6-4b6e-af81-65faff949283;5af7e4a1-c8b6-4b6e-af81-65faff949283;Supp-0090;Supp-Addr-0090;ofPhone-Supp-0090;pic-Supp-0090;mp_Supp-0090;1;1;16/06/2024 22:47;1;16/06/2024 22:47;;;supp-0090@mail.com
;;078e5c37-e296-4776-a019-517837f29282;078e5c37-e296-4776-a019-517837f29282;Supp-0091;Supp-Addr-0091;ofPhone-Supp-0091;pic-Supp-0091;mp_Supp-0091;1;1;16/06/2024 22:47;1;16/06/2024 22:47;;;supp-0091@mail.com
;;534ce92a-eb59-4b76-a648-dc7bb4997ee3;534ce92a-eb59-4b76-a648-dc7bb4997ee3;Supp-0092;Supp-Addr-0092;ofPhone-Supp-0092;pic-Supp-0092;mp_Supp-0092;3;1;16/06/2024 22:47;1;16/06/2024 22:47;;;supp-0092@mail.com
;;d1dcd9ec-bf19-4336-89de-0ef7680ce03c;d1dcd9ec-bf19-4336-89de-0ef7680ce03c;Supp-0093;Supp-Addr-0093;ofPhone-Supp-0093;pic-Supp-0093;mp_Supp-0093;3;1;16/06/2024 22:47;1;16/06/2024 22:47;;;supp-0093@mail.com
;;8e94ef63-62a8-484b-9001-908f12a55e08;8e94ef63-62a8-484b-9001-908f12a55e08;Supp-0094;Supp-Addr-0094;ofPhone-Supp-0094;pic-Supp-0094;mp_Supp-0094;1;1;16/06/2024 22:47;1;16/06/2024 22:47;;;supp-0094@mail.com
;;9dbf63b8-bfc0-4d0b-8d71-7edb67cca358;9dbf63b8-bfc0-4d0b-8d71-7edb67cca358;Supp-0095;Supp-Addr-0095;ofPhone-Supp-0095;pic-Supp-0095;mp_Supp-0095;1;1;16/06/2024 22:47;1;16/06/2024 22:47;;;supp-0095@mail.com
;;31bc5772-9143-4510-a075-c6b4d71b5efd;31bc5772-9143-4510-a075-c6b4d71b5efd;Supp-0096;Supp-Addr-0096;ofPhone-Supp-0096;pic-Supp-0096;mp_Supp-0096;1;1;16/06/2024 22:47;1;16/06/2024 22:47;;;supp-0096@mail.com
;;ec77924b-6618-47cd-8e01-604ec2c8a354;ec77924b-6618-47cd-8e01-604ec2c8a354;Supp-0097;Supp-Addr-0097;ofPhone-Supp-0097;pic-Supp-0097;mp_Supp-0097;1;1;16/06/2024 22:47;1;16/06/2024 22:47;;;supp-0097@mail.com
;;4ce31b27-2500-42aa-adbf-5693ef15e5d5;4ce31b27-2500-42aa-adbf-5693ef15e5d5;Supp-0098;Supp-Addr-0098;ofPhone-Supp-0098;pic-Supp-0098;mp_Supp-0098;1;1;16/06/2024 22:47;1;16/06/2024 22:47;;;supp-0098@mail.com
;;d138fdd2-cab3-4931-92c2-ef4999ff4d51;d138fdd2-cab3-4931-92c2-ef4999ff4d51;Supp-0099;Supp-Addr-0099;ofPhone-Supp-0099;pic-Supp-0099;mp_Supp-0099;1;1;16/06/2024 22:47;1;16/06/2024 22:47;;;supp-0099@mail.com
;;239f9e5a-c013-4221-9971-366d75e1d17d;239f9e5a-c013-4221-9971-366d75e1d17d;Supp-0100;Supp-Addr-0100;ofPhone-Supp-0100;pic-Supp-0100;mp_Supp-0100;1;1;16/06/2024 22:47;1;16/06/2024 22:47;;;supp-0100@mail.com
;;38791848-eee4-469b-a419-d03e6bb1a5fc;38791848-eee4-469b-a419-d03e6bb1a5fc;Supp-0101;Supp-Addr-0101;ofPhone-Supp-0101;pic-Supp-0101;mp_Supp-0101;1;1;16/06/2024 22:47;1;16/06/2024 22:47;;;supp-0101@mail.com
;;83d25023-d55c-4f6c-beaa-8d442746c000;83d25023-d55c-4f6c-beaa-8d442746c000;Supp-0102;Supp-Addr-0102;ofPhone-Supp-0102;pic-Supp-0102;mp_Supp-0102;1;1;16/06/2024 22:47;1;16/06/2024 22:47;;;supp-0102@mail.com
;;354c9331-bc92-49f0-b158-5d2f0a983743;354c9331-bc92-49f0-b158-5d2f0a983743;Supp-0103;Supp-Addr-0103;ofPhone-Supp-0103;pic-Supp-0103;mp_Supp-0103;1;1;16/06/2024 22:47;1;16/06/2024 22:47;;;supp-0103@mail.com
;;183de1af-efcf-4cad-9935-c1b99972dd6e;183de1af-efcf-4cad-9935-c1b99972dd6e;Supp-0104;Supp-Addr-0104;ofPhone-Supp-0104;pic-Supp-0104;mp_Supp-0104;1;1;16/06/2024 22:47;1;16/06/2024 22:47;;;supp-0104@mail.com
;;93c85a89-76b1-43e1-b5e9-cb8de649d33c;93c85a89-76b1-43e1-b5e9-cb8de649d33c;Supp-0105;Supp-Addr-0105;ofPhone-Supp-0105;pic-Supp-0105;mp_Supp-0105;1;1;16/06/2024 22:47;1;16/06/2024 22:47;;;supp-0105@mail.com
;;6c69f769-5fdd-4b38-bb6f-5a2b4423d00f;6c69f769-5fdd-4b38-bb6f-5a2b4423d00f;Supp-0106;Supp-Addr-0106;ofPhone-Supp-0106;pic-Supp-0106;mp_Supp-0106;1;1;16/06/2024 22:47;1;16/06/2024 22:47;;;supp-0106@mail.com
;;524a440f-3096-4e1d-b35c-6193013de7a6;524a440f-3096-4e1d-b35c-6193013de7a6;Supp-0107;Supp-Addr-0107;ofPhone-Supp-0107;pic-Supp-0107;mp_Supp-0107;1;1;16/06/2024 22:47;1;16/06/2024 22:47;;;supp-0107@mail.com
;;f9075677-4b2f-4c50-9290-34bf81d21eb0;f9075677-4b2f-4c50-9290-34bf81d21eb0;Supp-0108;Supp-Addr-0108;ofPhone-Supp-0108;pic-Supp-0108;mp_Supp-0108;4;1;16/06/2024 22:47;1;16/06/2024 22:47;;;supp-0108@mail.com
;;087aea6b-bc8f-4acb-8671-6a1928a0bbcd;087aea6b-bc8f-4acb-8671-6a1928a0bbcd;Supp-0109;Supp-Addr-0109;ofPhone-Supp-0109;pic-Supp-0109;mp_Supp-0109;4;1;16/06/2024 22:47;1;16/06/2024 22:47;;;supp-0109@mail.com
;;4090adf2-ac6f-487a-bce7-d610b543ed8d;4090adf2-ac6f-487a-bce7-d610b543ed8d;Supp-0110;Supp-Addr-0110;ofPhone-Supp-0110;pic-Supp-0110;mp_Supp-0110;1;1;16/06/2024 22:47;1;16/06/2024 22:47;;;supp-0110@mail.com
;;2ac70e03-40be-4c3d-8451-ef5a89175757;2ac70e03-40be-4c3d-8451-ef5a89175757;Supp-0111;Supp-Addr-0111;ofPhone-Supp-0111;pic-Supp-0111;mp_Supp-0111;1;1;16/06/2024 22:47;1;16/06/2024 22:47;;;supp-0111@mail.com
;;6d61dc0b-aa31-44db-a91d-ce3f9ad7976a;6d61dc0b-aa31-44db-a91d-ce3f9ad7976a;Supp-0112;Supp-Addr-0112;ofPhone-Supp-0112;pic-Supp-0112;mp_Supp-0112;1;1;16/06/2024 22:47;1;16/06/2024 22:47;;;supp-0112@mail.com
;;4b3ead14-02c5-4ae1-938d-57ceafe6632f;4b3ead14-02c5-4ae1-938d-57ceafe6632f;Supp-0113;Supp-Addr-0113;ofPhone-Supp-0113;pic-Supp-0113;mp_Supp-0113;1;1;16/06/2024 22:47;1;16/06/2024 22:47;;;supp-0113@mail.com
;;eda7561a-56ff-4c91-ba04-bbf3c4e3cc56;eda7561a-56ff-4c91-ba04-bbf3c4e3cc56;Supp-0114;Supp-Addr-0114;ofPhone-Supp-0114;pic-Supp-0114;mp_Supp-0114;1;1;16/06/2024 22:47;1;16/06/2024 22:47;;;supp-0114@mail.com
;;2632dfbe-bee1-41c3-97cf-5be4e7b0e8e6;2632dfbe-bee1-41c3-97cf-5be4e7b0e8e6;Supp-0115;Supp-Addr-0115;ofPhone-Supp-0115;pic-Supp-0115;mp_Supp-0115;1;1;16/06/2024 22:47;1;16/06/2024 22:47;;;supp-0115@mail.com
;;113bce49-b651-414b-876f-4d8c15aebd81;113bce49-b651-414b-876f-4d8c15aebd81;Supp-0116;Supp-Addr-0116;ofPhone-Supp-0116;pic-Supp-0116;mp_Supp-0116;1;1;16/06/2024 22:47;1;16/06/2024 22:47;;;supp-0116@mail.com
;;b16cc816-a40b-4831-b26c-85895120ee34;b16cc816-a40b-4831-b26c-85895120ee34;Supp-0117;Supp-Addr-0117;ofPhone-Supp-0117;pic-Supp-0117;mp_Supp-0117;1;1;16/06/2024 22:47;1;16/06/2024 22:47;;;supp-0117@mail.com
;;391fdef0-9c95-4045-bcfa-c5eea997a221;391fdef0-9c95-4045-bcfa-c5eea997a221;Supp-0118;Supp-Addr-0118;ofPhone-Supp-0118;pic-Supp-0118;mp_Supp-0118;1;1;16/06/2024 22:47;1;16/06/2024 22:47;;;supp-0118@mail.com
;;fe8af34c-4873-47d7-b809-45214cafa4a3;fe8af34c-4873-47d7-b809-45214cafa4a3;Supp-0119;Supp-Addr-0119;ofPhone-Supp-0119;pic-Supp-0119;mp_Supp-0119;1;1;16/06/2024 22:47;1;16/06/2024 22:47;;;supp-0119@mail.com
;;95f45046-b92a-4bac-bb7c-8168b4851895;95f45046-b92a-4bac-bb7c-8168b4851895;Supp-0120;Supp-Addr-0120;ofPhone-Supp-0120;pic-Supp-0120;mp_Supp-0120;1;1;16/06/2024 22:47;1;16/06/2024 22:47;;;supp-0120@mail.com
;;357d3807-10b9-4461-a180-e08f4df58539;357d3807-10b9-4461-a180-e08f4df58539;Supp-0121;Supp-Addr-0121;ofPhone-Supp-0121;pic-Supp-0121;mp_Supp-0121;1;1;16/06/2024 22:47;1;16/06/2024 22:47;;;supp-0121@mail.com
;;9b28915b-2edd-4ba7-9b85-55d0ace28501;9b28915b-2edd-4ba7-9b85-55d0ace28501;Supp-0122;Supp-Addr-0122;ofPhone-Supp-0122;pic-Supp-0122;mp_Supp-0122;1;1;16/06/2024 22:47;1;16/06/2024 22:47;;;supp-0122@mail.com
;;ac55c099-aafa-4a56-9194-670b50f55336;ac55c099-aafa-4a56-9194-670b50f55336;Supp-0123;Supp-Addr-0123;ofPhone-Supp-0123;pic-Supp-0123;mp_Supp-0123;1;1;16/06/2024 22:47;1;16/06/2024 22:47;;;supp-0123@mail.com
;;19872d5f-1711-471d-ad26-9fc5ba8a8891;19872d5f-1711-471d-ad26-9fc5ba8a8891;Supp-0124;Supp-Addr-0124;ofPhone-Supp-0124;pic-Supp-0124;mp_Supp-0124;1;1;16/06/2024 22:47;1;16/06/2024 22:47;;;supp-0124@mail.com
;;9a1ebd9d-61e4-4755-98c8-360c1fabfd29;9a1ebd9d-61e4-4755-98c8-360c1fabfd29;Supp-0125;Supp-Addr-0125;ofPhone-Supp-0125;pic-Supp-0125;mp_Supp-0125;1;1;16/06/2024 22:47;1;16/06/2024 22:47;;;supp-0125@mail.com
;;35926351-36e5-44c9-b405-6caa76d5d888;35926351-36e5-44c9-b405-6caa76d5d888;Supp-0126;Supp-Addr-0126;ofPhone-Supp-0126;pic-Supp-0126;mp_Supp-0126;1;1;16/06/2024 22:47;1;16/06/2024 22:47;;;supp-0126@mail.com
;;e290968c-d9df-4235-9a62-b66819b2b29e;e290968c-d9df-4235-9a62-b66819b2b29e;Supp-0127;Supp-Addr-0127;ofPhone-Supp-0127;pic-Supp-0127;mp_Supp-0127;1;1;16/06/2024 22:47;1;16/06/2024 22:47;;;supp-0127@mail.com
;;efc304af-ce67-4e80-bde0-7765c5279952;efc304af-ce67-4e80-bde0-7765c5279952;Supp-0128;Supp-Addr-0128;ofPhone-Supp-0128;pic-Supp-0128;mp_Supp-0128;1;1;16/06/2024 22:47;1;16/06/2024 22:47;;;supp-0128@mail.com
;;0bff067e-6aa3-4aee-af82-5c3661e04d79;0bff067e-6aa3-4aee-af82-5c3661e04d79;Supp-0129;Supp-Addr-0129;ofPhone-Supp-0129;pic-Supp-0129;mp_Supp-0129;1;1;16/06/2024 22:47;1;16/06/2024 22:47;;;supp-0129@mail.com
;;a3a23c6e-6075-4afb-aeb6-3aadde26ca91;a3a23c6e-6075-4afb-aeb6-3aadde26ca91;Supp-0130;Supp-Addr-0130;ofPhone-Supp-0130;pic-Supp-0130;mp_Supp-0130;1;1;16/06/2024 22:47;1;16/06/2024 22:47;;;supp-0130@mail.com
;;e22d5165-31e4-4ade-9aac-48e546ed20f5;e22d5165-31e4-4ade-9aac-48e546ed20f5;Supp-0131;Supp-Addr-0131;ofPhone-Supp-0131;pic-Supp-0131;mp_Supp-0131;1;1;16/06/2024 22:47;1;16/06/2024 22:47;;;supp-0131@mail.com
;;9f4a528d-db98-4d36-b590-c183c2fcaf11;9f4a528d-db98-4d36-b590-c183c2fcaf11;Supp-0132;Supp-Addr-0132;ofPhone-Supp-0132;pic-Supp-0132;mp_Supp-0132;1;1;16/06/2024 22:47;1;16/06/2024 22:47;;;supp-0132@mail.com
;;1a8c984f-6012-46d9-8c33-7069c53eaf3f;1a8c984f-6012-46d9-8c33-7069c53eaf3f;Supp-0133;Supp-Addr-0133;ofPhone-Supp-0133;pic-Supp-0133;mp_Supp-0133;1;1;16/06/2024 22:47;1;16/06/2024 22:47;;;supp-0133@mail.com
;;31693378-ef41-48e0-aa98-2f98400d33cd;31693378-ef41-48e0-aa98-2f98400d33cd;Supp-0134;Supp-Addr-0134;ofPhone-Supp-0134;pic-Supp-0134;mp_Supp-0134;1;1;16/06/2024 22:47;1;16/06/2024 22:47;;;supp-0134@mail.com
;;c9594b9d-249f-41e8-9c09-9514ab875147;c9594b9d-249f-41e8-9c09-9514ab875147;Supp-0135;Supp-Addr-0135;ofPhone-Supp-0135;pic-Supp-0135;mp_Supp-0135;1;1;16/06/2024 22:47;1;16/06/2024 22:47;;;supp-0135@mail.com
;;af54214f-076f-4cee-b8cb-0efdb5361393;af54214f-076f-4cee-b8cb-0efdb5361393;Supp-0136;Supp-Addr-0136;ofPhone-Supp-0136;pic-Supp-0136;mp_Supp-0136;1;1;16/06/2024 22:47;1;16/06/2024 22:47;;;supp-0136@mail.com
;;a7cefe50-73dd-45bf-a212-5e8979bb5db5;a7cefe50-73dd-45bf-a212-5e8979bb5db5;Supp-0137;Supp-Addr-0137;ofPhone-Supp-0137;pic-Supp-0137;mp_Supp-0137;1;1;16/06/2024 22:47;1;16/06/2024 22:47;;;supp-0137@mail.com
;;8026e73e-db45-4061-a7a6-36c4fd9d7b63;8026e73e-db45-4061-a7a6-36c4fd9d7b63;Supp-0138;Supp-Addr-0138;ofPhone-Supp-0138;pic-Supp-0138;mp_Supp-0138;1;1;16/06/2024 22:47;1;16/06/2024 22:47;;;supp-0138@mail.com
;;fef40f0d-77aa-44e3-84ff-86935b28a54e;fef40f0d-77aa-44e3-84ff-86935b28a54e;Supp-0139;Supp-Addr-0139;ofPhone-Supp-0139;pic-Supp-0139;mp_Supp-0139;4;1;16/06/2024 22:47;1;16/06/2024 22:47;;;supp-0139@mail.com
;;a91b86cb-c477-4655-9058-24c8e3b317b8;a91b86cb-c477-4655-9058-24c8e3b317b8;Supp-0140;Supp-Addr-0140;ofPhone-Supp-0140;pic-Supp-0140;mp_Supp-0140;4;1;16/06/2024 22:47;1;16/06/2024 22:47;;;supp-0140@mail.com
;;0738ea42-4a90-49f4-af00-c6f9cdc22c4d;0738ea42-4a90-49f4-af00-c6f9cdc22c4d;Supp-0141;Supp-Addr-0141;ofPhone-Supp-0141;pic-Supp-0141;mp_Supp-0141;1;1;16/06/2024 22:47;1;16/06/2024 22:47;;;supp-0141@mail.com
;;05415717-001c-42b5-81bd-3dc967608f68;05415717-001c-42b5-81bd-3dc967608f68;Supp-0142;Supp-Addr-0142;ofPhone-Supp-0142;pic-Supp-0142;mp_Supp-0142;1;1;16/06/2024 22:47;1;16/06/2024 22:47;;;supp-0142@mail.com
;;afa37a57-7af7-481c-85b8-b65ea72d7436;afa37a57-7af7-481c-85b8-b65ea72d7436;Supp-0143;Supp-Addr-0143;ofPhone-Supp-0143;pic-Supp-0143;mp_Supp-0143;1;1;16/06/2024 22:47;1;16/06/2024 22:47;;;supp-0143@mail.com
;;78f282c8-756f-4840-a94a-2da18125fb59;78f282c8-756f-4840-a94a-2da18125fb59;Supp-0144;Supp-Addr-0144;ofPhone-Supp-0144;pic-Supp-0144;mp_Supp-0144;1;1;16/06/2024 22:47;1;16/06/2024 22:47;;;supp-0144@mail.com
;;263c6e1b-0d0e-4a36-aae1-967ddb52e9c3;263c6e1b-0d0e-4a36-aae1-967ddb52e9c3;Supp-0145;Supp-Addr-0145;ofPhone-Supp-0145;pic-Supp-0145;mp_Supp-0145;1;1;16/06/2024 22:47;1;16/06/2024 22:47;;;supp-0145@mail.com
;;c9a2dc5f-4495-400d-a469-2e479c44f5fa;c9a2dc5f-4495-400d-a469-2e479c44f5fa;Supp-0146;Supp-Addr-0146;ofPhone-Supp-0146;pic-Supp-0146;mp_Supp-0146;1;1;16/06/2024 22:47;1;16/06/2024 22:47;;;supp-0146@mail.com
;;8649c38b-8ff7-4517-8b06-d865975b68e6;8649c38b-8ff7-4517-8b06-d865975b68e6;Supp-0147;Supp-Addr-0147;ofPhone-Supp-0147;pic-Supp-0147;mp_Supp-0147;1;1;16/06/2024 22:47;1;16/06/2024 22:47;;;supp-0147@mail.com
;;b46d2ba3-8f3f-49b2-b1dc-b342665bb75e;b46d2ba3-8f3f-49b2-b1dc-b342665bb75e;Supp-0148;Supp-Addr-0148;ofPhone-Supp-0148;pic-Supp-0148;mp_Supp-0148;1;1;16/06/2024 22:47;1;16/06/2024 22:47;;;supp-0148@mail.com
;;7655833a-5ef3-46a4-a819-986117bf5c43;7655833a-5ef3-46a4-a819-986117bf5c43;Supp-0149;Supp-Addr-0149;ofPhone-Supp-0149;pic-Supp-0149;mp_Supp-0149;1;1;16/06/2024 22:47;1;16/06/2024 22:47;;;supp-0149@mail.com
;;3fc7e125-b946-46d5-8355-e0446d3bab8a;3fc7e125-b946-46d5-8355-e0446d3bab8a;Supp-0150;Supp-Addr-0150;ofPhone-Supp-0150;pic-Supp-0150;mp_Supp-0150;1;1;16/06/2024 22:47;1;16/06/2024 22:47;;;supp-0150@mail.com
;;375ee15c-f73e-4287-9782-7ddb39a8924d;375ee15c-f73e-4287-9782-7ddb39a8924d;Supp-0151;Supp-Addr-0151;ofPhone-Supp-0151;pic-Supp-0151;mp_Supp-0151;1;1;16/06/2024 22:47;1;16/06/2024 22:47;;;supp-0151@mail.com
;;da7486f7-d763-43b8-ba7f-caa48992e153;da7486f7-d763-43b8-ba7f-caa48992e153;Supp-0152;Supp-Addr-0152;ofPhone-Supp-0152;pic-Supp-0152;mp_Supp-0152;1;1;16/06/2024 22:47;1;16/06/2024 22:47;;;supp-0152@mail.com
;;249f8b5d-adbd-4603-8984-dd5f2061f909;249f8b5d-adbd-4603-8984-dd5f2061f909;Supp-0153;Supp-Addr-0153;ofPhone-Supp-0153;pic-Supp-0153;mp_Supp-0153;1;1;16/06/2024 22:47;1;16/06/2024 22:47;;;supp-0153@mail.com
;;1b48fe3e-8883-4c49-8323-244fb70d23d5;1b48fe3e-8883-4c49-8323-244fb70d23d5;Supp-0154;Supp-Addr-0154;ofPhone-Supp-0154;pic-Supp-0154;mp_Supp-0154;1;1;16/06/2024 22:47;1;16/06/2024 22:47;;;supp-0154@mail.com
;;3a146b8d-22dc-4fd7-8464-0132ec24cf69;3a146b8d-22dc-4fd7-8464-0132ec24cf69;Supp-0155;Supp-Addr-0155;ofPhone-Supp-0155;pic-Supp-0155;mp_Supp-0155;1;1;16/06/2024 22:47;1;16/06/2024 22:47;;;supp-0155@mail.com
;;a9dcc708-521f-46af-8cc6-071693c468c3;a9dcc708-521f-46af-8cc6-071693c468c3;Supp-0156;Supp-Addr-0156;ofPhone-Supp-0156;pic-Supp-0156;mp_Supp-0156;1;1;16/06/2024 22:47;1;16/06/2024 22:47;;;supp-0156@mail.com
;;4480f4ce-91d6-4351-95f5-5263af5a359d;4480f4ce-91d6-4351-95f5-5263af5a359d;Supp-0157;Supp-Addr-0157;ofPhone-Supp-0157;pic-Supp-0157;mp_Supp-0157;1;1;16/06/2024 22:47;1;16/06/2024 22:47;;;supp-0157@mail.com
;;86a7e9fa-e8ca-450e-98a0-5e0db2fad71d;86a7e9fa-e8ca-450e-98a0-5e0db2fad71d;Supp-0158;Supp-Addr-0158;ofPhone-Supp-0158;pic-Supp-0158;mp_Supp-0158;1;1;16/06/2024 22:47;1;16/06/2024 22:47;;;supp-0158@mail.com
;;e11afe45-0c0f-4425-8559-b8ad373b8119;e11afe45-0c0f-4425-8559-b8ad373b8119;Supp-0159;Supp-Addr-0159;ofPhone-Supp-0159;pic-Supp-0159;mp_Supp-0159;1;1;16/06/2024 22:47;1;16/06/2024 22:47;;;supp-0159@mail.com
;;14c5c72c-7830-49f8-94f2-249a4641efd2;14c5c72c-7830-49f8-94f2-249a4641efd2;Supp-0160;Supp-Addr-0160;ofPhone-Supp-0160;pic-Supp-0160;mp_Supp-0160;1;1;16/06/2024 22:47;1;16/06/2024 22:47;;;supp-0160@mail.com
;;352e8e4f-37f2-42e4-aa44-81f81848a5b3;352e8e4f-37f2-42e4-aa44-81f81848a5b3;Supp-0161;Supp-Addr-0161;ofPhone-Supp-0161;pic-Supp-0161;mp_Supp-0161;1;1;16/06/2024 22:47;1;16/06/2024 22:47;;;supp-0161@mail.com
;;f8c2086b-32b9-4689-9f55-f8a61d121adb;f8c2086b-32b9-4689-9f55-f8a61d121adb;Supp-0162;Supp-Addr-0162;ofPhone-Supp-0162;pic-Supp-0162;mp_Supp-0162;1;1;16/06/2024 22:47;1;16/06/2024 22:47;;;supp-0162@mail.com
;;1596c501-16e8-49a2-a12c-f4d50a3012be;1596c501-16e8-49a2-a12c-f4d50a3012be;Supp-0163;Supp-Addr-0163;ofPhone-Supp-0163;pic-Supp-0163;mp_Supp-0163;1;1;16/06/2024 22:47;1;16/06/2024 22:47;;;supp-0163@mail.com
;;4f94e4a5-d34c-4956-bc53-71b90b90f020;4f94e4a5-d34c-4956-bc53-71b90b90f020;Supp-0164;Supp-Addr-0164;ofPhone-Supp-0164;pic-Supp-0164;mp_Supp-0164;1;1;16/06/2024 22:47;1;16/06/2024 22:47;;;supp-0164@mail.com
;;e324e269-b571-4583-a0e0-cc2889c89c7e;e324e269-b571-4583-a0e0-cc2889c89c7e;Supp-0165;Supp-Addr-0165;ofPhone-Supp-0165;pic-Supp-0165;mp_Supp-0165;1;1;16/06/2024 22:47;1;16/06/2024 22:47;;;supp-0165@mail.com
;;d8fc9bd1-d99f-400e-a8ee-e24aa6067060;d8fc9bd1-d99f-400e-a8ee-e24aa6067060;Supp-0166;Supp-Addr-0166;ofPhone-Supp-0166;pic-Supp-0166;mp_Supp-0166;1;1;16/06/2024 22:47;1;16/06/2024 22:47;;;supp-0166@mail.com
;;eadf2266-e04c-41f2-b005-abfcdcb5f90f;eadf2266-e04c-41f2-b005-abfcdcb5f90f;Supp-0167;Supp-Addr-0167;ofPhone-Supp-0167;pic-Supp-0167;mp_Supp-0167;1;1;16/06/2024 22:47;1;16/06/2024 22:47;;;supp-0167@mail.com
;;718da2db-61b2-49e8-b56d-1dbc2f608c4a;718da2db-61b2-49e8-b56d-1dbc2f608c4a;Supp-0168;Supp-Addr-0168;ofPhone-Supp-0168;pic-Supp-0168;mp_Supp-0168;1;1;16/06/2024 22:47;1;16/06/2024 22:47;;;supp-0168@mail.com
;;5eccc54a-e396-4831-8d66-e88e55bdfd1c;5eccc54a-e396-4831-8d66-e88e55bdfd1c;Supp-0169;Supp-Addr-0169;ofPhone-Supp-0169;pic-Supp-0169;mp_Supp-0169;1;1;16/06/2024 22:47;1;16/06/2024 22:47;;;supp-0169@mail.com
;;05785304-e76d-42ee-b3d6-56a864d41fdc;05785304-e76d-42ee-b3d6-56a864d41fdc;Supp-0170;Supp-Addr-0170;ofPhone-Supp-0170;pic-Supp-0170;mp_Supp-0170;1;1;16/06/2024 22:47;1;16/06/2024 22:47;;;supp-0170@mail.com
;;c5d7b84c-e1a0-44d3-b897-a823b9b51bae;c5d7b84c-e1a0-44d3-b897-a823b9b51bae;Supp-0171;Supp-Addr-0171;ofPhone-Supp-0171;pic-Supp-0171;mp_Supp-0171;1;1;16/06/2024 22:47;1;16/06/2024 22:47;;;supp-0171@mail.com
;;3d0e3234-2363-43d9-bdfe-7d9c9eaa44fe;3d0e3234-2363-43d9-bdfe-7d9c9eaa44fe;Supp-0172;Supp-Addr-0172;ofPhone-Supp-0172;pic-Supp-0172;mp_Supp-0172;1;1;16/06/2024 22:47;1;16/06/2024 22:47;;;supp-0172@mail.com
;;a3ffdc8f-278e-4acb-a758-5ce490054c5c;a3ffdc8f-278e-4acb-a758-5ce490054c5c;Supp-0173;Supp-Addr-0173;ofPhone-Supp-0173;pic-Supp-0173;mp_Supp-0173;1;1;16/06/2024 22:47;1;16/06/2024 22:47;;;supp-0173@mail.com
;;043c8edd-8875-4abd-95a0-0d287aa6099c;043c8edd-8875-4abd-95a0-0d287aa6099c;Supp-0174;Supp-Addr-0174;ofPhone-Supp-0174;pic-Supp-0174;mp_Supp-0174;1;1;16/06/2024 22:47;1;16/06/2024 22:47;;;supp-0174@mail.com
;;4b147791-920b-48f5-b852-3a6bfe6f5808;4b147791-920b-48f5-b852-3a6bfe6f5808;Supp-0175;Supp-Addr-0175;ofPhone-Supp-0175;pic-Supp-0175;mp_Supp-0175;1;1;16/06/2024 22:47;1;16/06/2024 22:47;;;supp-0175@mail.com
;;6cea8ee8-67f6-4441-a469-ad7be5200c5f;6cea8ee8-67f6-4441-a469-ad7be5200c5f;Supp-0176;Supp-Addr-0176;ofPhone-Supp-0176;pic-Supp-0176;mp_Supp-0176;1;1;16/06/2024 22:47;1;16/06/2024 22:47;;;supp-0176@mail.com
;;8b95c893-562e-4c0c-a1b3-5688ed8cee04;8b95c893-562e-4c0c-a1b3-5688ed8cee04;Supp-0177;Supp-Addr-0177;ofPhone-Supp-0177;pic-Supp-0177;mp_Supp-0177;1;1;16/06/2024 22:47;1;16/06/2024 22:47;;;supp-0177@mail.com
;;3782f19c-a7df-4e49-9f6f-4eb0abb15d18;3782f19c-a7df-4e49-9f6f-4eb0abb15d18;Supp-0178;Supp-Addr-0178;ofPhone-Supp-0178;pic-Supp-0178;mp_Supp-0178;1;1;16/06/2024 22:47;1;16/06/2024 22:47;;;supp-0178@mail.com
;;3d212abe-db13-4b80-8417-c2ab62c7219c;3d212abe-db13-4b80-8417-c2ab62c7219c;Supp-0179;Supp-Addr-0179;ofPhone-Supp-0179;pic-Supp-0179;mp_Supp-0179;1;1;16/06/2024 22:47;1;16/06/2024 22:47;;;supp-0179@mail.com
;;9de825c6-c69b-479e-9d77-32a817245ea7;9de825c6-c69b-479e-9d77-32a817245ea7;Supp-0180;Supp-Addr-0180;ofPhone-Supp-0180;pic-Supp-0180;mp_Supp-0180;1;1;16/06/2024 22:47;1;16/06/2024 22:47;;;supp-0180@mail.com
;;0c497353-c50b-4a41-9867-a8e6424eea97;0c497353-c50b-4a41-9867-a8e6424eea97;Supp-0181;Supp-Addr-0181;ofPhone-Supp-0181;pic-Supp-0181;mp_Supp-0181;1;1;16/06/2024 22:47;1;16/06/2024 22:47;;;supp-0181@mail.com
;;4c590378-d8e7-4bee-926b-53f1463a05cd;4c590378-d8e7-4bee-926b-53f1463a05cd;Supp-0182;Supp-Addr-0182;ofPhone-Supp-0182;pic-Supp-0182;mp_Supp-0182;1;1;16/06/2024 22:47;1;16/06/2024 22:47;;;supp-0182@mail.com
;;240c12b0-6411-4f70-927c-f681809e474f;240c12b0-6411-4f70-927c-f681809e474f;Supp-0183;Supp-Addr-0183;ofPhone-Supp-0183;pic-Supp-0183;mp_Supp-0183;1;1;16/06/2024 22:47;1;16/06/2024 22:47;;;supp-0183@mail.com
;;cbefabaf-ccf5-47fe-b92b-aeff164e6bbe;cbefabaf-ccf5-47fe-b92b-aeff164e6bbe;Supp-0184;Supp-Addr-0184;ofPhone-Supp-0184;pic-Supp-0184;mp_Supp-0184;1;1;16/06/2024 22:47;1;16/06/2024 22:47;;;supp-0184@mail.com
;;00df6f87-5c21-451e-ac1c-24faf52e6d32;00df6f87-5c21-451e-ac1c-24faf52e6d32;Supp-0185;Supp-Addr-0185;ofPhone-Supp-0185;pic-Supp-0185;mp_Supp-0185;1;1;16/06/2024 22:47;1;16/06/2024 22:47;;;supp-0185@mail.com
;;61f32a1b-93a3-4223-a6ab-b2adb6d76ba6;61f32a1b-93a3-4223-a6ab-b2adb6d76ba6;Supp-0186;Supp-Addr-0186;ofPhone-Supp-0186;pic-Supp-0186;mp_Supp-0186;1;1;16/06/2024 22:47;1;16/06/2024 22:47;;;supp-0186@mail.com
;;33c873c2-4cc0-4882-8bd4-6aadaedfafef;33c873c2-4cc0-4882-8bd4-6aadaedfafef;Supp-0187;Supp-Addr-0187;ofPhone-Supp-0187;pic-Supp-0187;mp_Supp-0187;1;1;16/06/2024 22:47;1;16/06/2024 22:47;;;supp-0187@mail.com
;;dec7f872-3b7f-4c15-9171-f2462cb23097;dec7f872-3b7f-4c15-9171-f2462cb23097;Supp-0188;Supp-Addr-0188;ofPhone-Supp-0188;pic-Supp-0188;mp_Supp-0188;1;1;16/06/2024 22:47;1;16/06/2024 22:47;;;supp-0188@mail.com
;;14accd9c-14d3-4b09-a1e2-a92eced27aa7;14accd9c-14d3-4b09-a1e2-a92eced27aa7;Supp-0189;Supp-Addr-0189;ofPhone-Supp-0189;pic-Supp-0189;mp_Supp-0189;1;1;16/06/2024 22:47;1;16/06/2024 22:47;;;supp-0189@mail.com
;;629a3e7e-1f30-4bd8-a9e1-6ddc7f7f0e92;629a3e7e-1f30-4bd8-a9e1-6ddc7f7f0e92;Supp-0190;Supp-Addr-0190;ofPhone-Supp-0190;pic-Supp-0190;mp_Supp-0190;1;1;16/06/2024 22:47;1;16/06/2024 22:47;;;supp-0190@mail.com
;;777643fe-a3d2-4d53-a8c5-c70a05d3f2d1;777643fe-a3d2-4d53-a8c5-c70a05d3f2d1;Supp-0191;Supp-Addr-0191;ofPhone-Supp-0191;pic-Supp-0191;mp_Supp-0191;1;1;16/06/2024 22:47;1;16/06/2024 22:47;;;supp-0191@mail.com
;;20df2176-fe2e-4889-a6dc-ab545b33325e;20df2176-fe2e-4889-a6dc-ab545b33325e;Supp-0192;Supp-Addr-0192;ofPhone-Supp-0192;pic-Supp-0192;mp_Supp-0192;1;1;16/06/2024 22:47;1;16/06/2024 22:47;;;supp-0192@mail.com
;;efd5a2dd-20c6-4011-b93f-4e1fbd6e88ce;efd5a2dd-20c6-4011-b93f-4e1fbd6e88ce;Supp-0193;Supp-Addr-0193;ofPhone-Supp-0193;pic-Supp-0193;mp_Supp-0193;1;1;16/06/2024 22:47;1;16/06/2024 22:47;;;supp-0193@mail.com
;;271c63c4-8802-4a0e-8d32-32a75eabebde;271c63c4-8802-4a0e-8d32-32a75eabebde;Supp-0194;Supp-Addr-0194;ofPhone-Supp-0194;pic-Supp-0194;mp_Supp-0194;1;1;16/06/2024 22:47;1;16/06/2024 22:47;;;supp-0194@mail.com
;;d463a08e-1e42-4c95-b816-b9e3c27fa14b;d463a08e-1e42-4c95-b816-b9e3c27fa14b;Supp-0195;Supp-Addr-0195;ofPhone-Supp-0195;pic-Supp-0195;mp_Supp-0195;1;1;16/06/2024 22:47;1;16/06/2024 22:47;;;supp-0195@mail.com
;;6aaef58e-8241-477d-9960-cc8d4c0d0fc1;6aaef58e-8241-477d-9960-cc8d4c0d0fc1;Supp-0196;Supp-Addr-0196;ofPhone-Supp-0196;pic-Supp-0196;mp_Supp-0196;1;1;16/06/2024 22:47;1;16/06/2024 22:47;;;supp-0196@mail.com
;;ae57be9a-760a-4e85-985a-0e4b21ffe8c9;ae57be9a-760a-4e85-985a-0e4b21ffe8c9;Supp-0197;Supp-Addr-0197;ofPhone-Supp-0197;pic-Supp-0197;mp_Supp-0197;1;1;16/06/2024 22:47;1;16/06/2024 22:47;;;supp-0197@mail.com
;;0b105ed5-21f5-4979-b5e1-8519d99ba596;0b105ed5-21f5-4979-b5e1-8519d99ba596;Supp-0198;Supp-Addr-0198;ofPhone-Supp-0198;pic-Supp-0198;mp_Supp-0198;1;1;16/06/2024 22:47;1;16/06/2024 22:47;;;supp-0198@mail.com
;;532cf28a-d1e3-460d-9734-a240c40d58d0;532cf28a-d1e3-460d-9734-a240c40d58d0;Supp-0199;Supp-Addr-0199;ofPhone-Supp-0199;pic-Supp-0199;mp_Supp-0199;1;1;16/06/2024 22:47;1;16/06/2024 22:47;;;supp-0199@mail.com
;;706b1555-d2ae-4398-9711-3264e0e3b134;706b1555-d2ae-4398-9711-3264e0e3b134;Supp-0200;Supp-Addr-0200;ofPhone-Supp-0200;pic-Supp-0200;mp_Supp-0200;1;1;16/06/2024 22:47;1;16/06/2024 22:47;;;supp-0200@mail.com
;;4490a1a3-0fc8-47c5-98d2-d3623eb69795;4490a1a3-0fc8-47c5-98d2-d3623eb69795;Supp-0201;Supp-Addr-0201;ofPhone-Supp-0201;pic-Supp-0201;mp_Supp-0201;1;1;16/06/2024 22:47;1;16/06/2024 22:47;;;supp-0201@mail.com
;;e36e057e-43be-4cd6-9415-a0abd919db6d;e36e057e-43be-4cd6-9415-a0abd919db6d;Supp-0202;Supp-Addr-0202;ofPhone-Supp-0202;pic-Supp-0202;mp_Supp-0202;1;1;16/06/2024 22:47;1;16/06/2024 22:47;;;supp-0202@mail.com
;;30f16958-e3ef-4f29-b235-aa3f1f4a1c67;30f16958-e3ef-4f29-b235-aa3f1f4a1c67;Supp-0203;Supp-Addr-0203;ofPhone-Supp-0203;pic-Supp-0203;mp_Supp-0203;1;1;16/06/2024 22:47;1;16/06/2024 22:47;;;supp-0203@mail.com
;;96078d9f-fb86-46d7-889f-dd75f6a158b0;96078d9f-fb86-46d7-889f-dd75f6a158b0;Supp-0204;Supp-Addr-0204;ofPhone-Supp-0204;pic-Supp-0204;mp_Supp-0204;1;1;16/06/2024 22:47;1;16/06/2024 22:47;;;supp-0204@mail.com
;;17c9afd4-8624-4d33-a8db-78ed0e775549;17c9afd4-8624-4d33-a8db-78ed0e775549;Supp-0205;Supp-Addr-0205;ofPhone-Supp-0205;pic-Supp-0205;mp_Supp-0205;1;1;16/06/2024 22:47;1;16/06/2024 22:47;;;supp-0205@mail.com
;;4ef19c56-900d-477a-afc5-2e228f356cbc;4ef19c56-900d-477a-afc5-2e228f356cbc;Supp-0206;Supp-Addr-0206;ofPhone-Supp-0206;pic-Supp-0206;mp_Supp-0206;1;1;16/06/2024 22:47;1;16/06/2024 22:47;;;supp-0206@mail.com
;;7d660a63-e516-49be-98f8-f9eeb1f52bb9;7d660a63-e516-49be-98f8-f9eeb1f52bb9;Supp-0207;Supp-Addr-0207;ofPhone-Supp-0207;pic-Supp-0207;mp_Supp-0207;1;1;16/06/2024 22:47;1;16/06/2024 22:47;;;supp-0207@mail.com
;;8025a059-eaf5-4fd5-9944-e873693a7f0b;8025a059-eaf5-4fd5-9944-e873693a7f0b;Supp-0208;Supp-Addr-0208;ofPhone-Supp-0208;pic-Supp-0208;mp_Supp-0208;1;1;16/06/2024 22:47;1;16/06/2024 22:47;;;supp-0208@mail.com
;;40f82d24-59d1-43de-b447-dec9d85b7c8c;40f82d24-59d1-43de-b447-dec9d85b7c8c;Supp-0209;Supp-Addr-0209;ofPhone-Supp-0209;pic-Supp-0209;mp_Supp-0209;1;1;16/06/2024 22:47;1;16/06/2024 22:47;;;supp-0209@mail.com
;;358a7ab3-9794-4c3a-918e-26012ed6fe6e;358a7ab3-9794-4c3a-918e-26012ed6fe6e;Supp-0210;Supp-Addr-0210;ofPhone-Supp-0210;pic-Supp-0210;mp_Supp-0210;1;1;16/06/2024 22:47;1;16/06/2024 22:47;;;supp-0210@mail.com
;;e3d7adfb-cb29-467b-86f2-712b30722e44;e3d7adfb-cb29-467b-86f2-712b30722e44;Supp-0211;Supp-Addr-0211;ofPhone-Supp-0211;pic-Supp-0211;mp_Supp-0211;1;1;16/06/2024 22:47;1;16/06/2024 22:47;;;supp-0211@mail.com
;;fb194677-378d-47ef-a8fb-6acbfbaa91f4;fb194677-378d-47ef-a8fb-6acbfbaa91f4;Supp-0212;Supp-Addr-0212;ofPhone-Supp-0212;pic-Supp-0212;mp_Supp-0212;1;1;16/06/2024 22:47;1;16/06/2024 22:47;;;supp-0212@mail.com
;;4716009c-d729-4387-9747-237e8b955a35;4716009c-d729-4387-9747-237e8b955a35;Supp-0213;Supp-Addr-0213;ofPhone-Supp-0213;pic-Supp-0213;mp_Supp-0213;1;1;16/06/2024 22:47;1;16/06/2024 22:47;;;supp-0213@mail.com
;;fd431e05-42e6-4a12-9086-266afc3de972;fd431e05-42e6-4a12-9086-266afc3de972;Supp-0214;Supp-Addr-0214;ofPhone-Supp-0214;pic-Supp-0214;mp_Supp-0214;1;1;16/06/2024 22:47;1;16/06/2024 22:47;;;supp-0214@mail.com
;;f2398dec-ad18-4dc3-9c7d-c05b459472ac;f2398dec-ad18-4dc3-9c7d-c05b459472ac;Supp-0215;Supp-Addr-0215;ofPhone-Supp-0215;pic-Supp-0215;mp_Supp-0215;1;1;16/06/2024 22:47;1;16/06/2024 22:47;;;supp-0215@mail.com
;;1e882776-8471-4917-bc75-a781a1e32559;1e882776-8471-4917-bc75-a781a1e32559;Supp-0216;Supp-Addr-0216;ofPhone-Supp-0216;pic-Supp-0216;mp_Supp-0216;1;1;16/06/2024 22:47;1;16/06/2024 22:47;;;supp-0216@mail.com
;;fbdaf644-0f84-469e-95a0-7de00d8bf40c;fbdaf644-0f84-469e-95a0-7de00d8bf40c;Supp-0217;Supp-Addr-0217;ofPhone-Supp-0217;pic-Supp-0217;mp_Supp-0217;1;1;16/06/2024 22:47;1;16/06/2024 22:47;;;supp-0217@mail.com
;;47a64c63-4f2e-4801-8386-bf9de6350a1c;47a64c63-4f2e-4801-8386-bf9de6350a1c;Supp-0218;Supp-Addr-0218;ofPhone-Supp-0218;pic-Supp-0218;mp_Supp-0218;1;1;16/06/2024 22:47;1;16/06/2024 22:47;;;supp-0218@mail.com
;;f8d80fe7-33b6-4204-9999-47e3ee5467a4;f8d80fe7-33b6-4204-9999-47e3ee5467a4;Supp-0219;Supp-Addr-0219;ofPhone-Supp-0219;pic-Supp-0219;mp_Supp-0219;1;1;16/06/2024 22:47;1;16/06/2024 22:47;;;supp-0219@mail.com
;;b1ba0c59-56e2-455b-88fc-95a7126100ce;b1ba0c59-56e2-455b-88fc-95a7126100ce;Supp-0220;Supp-Addr-0220;ofPhone-Supp-0220;pic-Supp-0220;mp_Supp-0220;1;1;16/06/2024 22:47;1;16/06/2024 22:47;;;supp-0220@mail.com
;;11e7eec5-5019-461f-be6b-c9d8543526d2;11e7eec5-5019-461f-be6b-c9d8543526d2;Supp-0221;Supp-Addr-0221;ofPhone-Supp-0221;pic-Supp-0221;mp_Supp-0221;1;1;16/06/2024 22:47;1;16/06/2024 22:47;;;supp-0221@mail.com
;;e0afdd0b-3846-437b-80b3-610824df3af6;e0afdd0b-3846-437b-80b3-610824df3af6;Supp-0222;Supp-Addr-0222;ofPhone-Supp-0222;pic-Supp-0222;mp_Supp-0222;1;1;16/06/2024 22:47;1;16/06/2024 22:47;;;supp-0222@mail.com
;;4ee6fa2c-b58b-405d-9ce1-dc2676fa4dc3;4ee6fa2c-b58b-405d-9ce1-dc2676fa4dc3;Supp-0223;Supp-Addr-0223;ofPhone-Supp-0223;pic-Supp-0223;mp_Supp-0223;1;1;16/06/2024 22:47;1;16/06/2024 22:47;;;supp-0223@mail.com
;;f08a7a94-6076-4f74-893f-1f1ec57183e6;f08a7a94-6076-4f74-893f-1f1ec57183e6;Supp-0224;Supp-Addr-0224;ofPhone-Supp-0224;pic-Supp-0224;mp_Supp-0224;1;1;16/06/2024 22:47;1;16/06/2024 22:47;;;supp-0224@mail.com
;;51fe208c-ba3a-43f0-861d-a0f3699b5494;51fe208c-ba3a-43f0-861d-a0f3699b5494;Supp-0225;Supp-Addr-0225;ofPhone-Supp-0225;pic-Supp-0225;mp_Supp-0225;1;1;16/06/2024 22:47;1;16/06/2024 22:47;;;supp-0225@mail.com
;;05ef1d8c-76f1-41d5-9ab6-fd4caabbd3d5;05ef1d8c-76f1-41d5-9ab6-fd4caabbd3d5;Supp-0226;Supp-Addr-0226;ofPhone-Supp-0226;pic-Supp-0226;mp_Supp-0226;1;1;16/06/2024 22:47;1;16/06/2024 22:47;;;supp-0226@mail.com
;;9b5f21eb-ae6b-401f-8fd4-709acf78a8d1;9b5f21eb-ae6b-401f-8fd4-709acf78a8d1;Supp-0227;Supp-Addr-0227;ofPhone-Supp-0227;pic-Supp-0227;mp_Supp-0227;1;1;16/06/2024 22:47;1;16/06/2024 22:47;;;supp-0227@mail.com
;;a3a99a25-9b5a-4287-b5d4-f85662b560de;a3a99a25-9b5a-4287-b5d4-f85662b560de;Supp-0228;Supp-Addr-0228;ofPhone-Supp-0228;pic-Supp-0228;mp_Supp-0228;1;1;16/06/2024 22:47;1;16/06/2024 22:47;;;supp-0228@mail.com
;;a5208507-8a4b-4f60-bbce-70b7191e9308;a5208507-8a4b-4f60-bbce-70b7191e9308;Supp-0229;Supp-Addr-0229;ofPhone-Supp-0229;pic-Supp-0229;mp_Supp-0229;1;1;16/06/2024 22:47;1;16/06/2024 22:47;;;supp-0229@mail.com
;;8cfe7d5f-1c55-4e18-9251-b4a9f2220e42;8cfe7d5f-1c55-4e18-9251-b4a9f2220e42;Supp-0230;Supp-Addr-0230;ofPhone-Supp-0230;pic-Supp-0230;mp_Supp-0230;1;1;16/06/2024 22:47;1;16/06/2024 22:47;;;supp-0230@mail.com
;;bd00ebe2-5106-4af7-ad68-44b43fc75b77;bd00ebe2-5106-4af7-ad68-44b43fc75b77;Supp-0231;Supp-Addr-0231;ofPhone-Supp-0231;pic-Supp-0231;mp_Supp-0231;1;1;16/06/2024 22:47;1;16/06/2024 22:47;;;supp-0231@mail.com
;;1de5ce35-f96b-4053-b2a8-925b7c1b5344;1de5ce35-f96b-4053-b2a8-925b7c1b5344;Supp-0232;Supp-Addr-0232;ofPhone-Supp-0232;pic-Supp-0232;mp_Supp-0232;1;1;16/06/2024 22:47;1;16/06/2024 22:47;;;supp-0232@mail.com
;;b3d98aac-706d-4392-ba61-7644e6ac73aa;b3d98aac-706d-4392-ba61-7644e6ac73aa;Supp-0233;Supp-Addr-0233;ofPhone-Supp-0233;pic-Supp-0233;mp_Supp-0233;1;1;16/06/2024 22:47;1;16/06/2024 22:47;;;supp-0233@mail.com
;;468f15d6-a90b-4627-9319-20dac192edb4;468f15d6-a90b-4627-9319-20dac192edb4;Supp-0234;Supp-Addr-0234;ofPhone-Supp-0234;pic-Supp-0234;mp_Supp-0234;1;1;16/06/2024 22:47;1;16/06/2024 22:47;;;supp-0234@mail.com
;;ba36a95f-45ae-46b1-94a1-652b8c1b8862;ba36a95f-45ae-46b1-94a1-652b8c1b8862;Supp-0235;Supp-Addr-0235;ofPhone-Supp-0235;pic-Supp-0235;mp_Supp-0235;1;1;16/06/2024 22:47;1;16/06/2024 22:47;;;supp-0235@mail.com
;;9a612c7f-12fe-437a-a484-703282775a43;9a612c7f-12fe-437a-a484-703282775a43;Supp-0236;Supp-Addr-0236;ofPhone-Supp-0236;pic-Supp-0236;mp_Supp-0236;1;1;16/06/2024 22:47;1;16/06/2024 22:47;;;supp-0236@mail.com
;;4feed02c-ab73-4ee7-aab4-a072d45b5e0a;4feed02c-ab73-4ee7-aab4-a072d45b5e0a;Supp-0237;Supp-Addr-0237;ofPhone-Supp-0237;pic-Supp-0237;mp_Supp-0237;1;1;16/06/2024 22:47;1;16/06/2024 22:47;;;supp-0237@mail.com
;;18e4d112-7778-42c8-9323-069c03cf4904;18e4d112-7778-42c8-9323-069c03cf4904;Supp-0238;Supp-Addr-0238;ofPhone-Supp-0238;pic-Supp-0238;mp_Supp-0238;1;1;16/06/2024 22:47;1;16/06/2024 22:47;;;supp-0238@mail.com
;;6af4d1ae-d4bc-469f-a1f7-f07484272c79;6af4d1ae-d4bc-469f-a1f7-f07484272c79;Supp-0239;Supp-Addr-0239;ofPhone-Supp-0239;pic-Supp-0239;mp_Supp-0239;1;1;16/06/2024 22:47;1;16/06/2024 22:47;;;supp-0239@mail.com
;;bd0cb763-d227-4a4d-a5f7-a02b65932b3e;bd0cb763-d227-4a4d-a5f7-a02b65932b3e;Supp-0240;Supp-Addr-0240;ofPhone-Supp-0240;pic-Supp-0240;mp_Supp-0240;1;1;16/06/2024 22:47;1;16/06/2024 22:47;;;supp-0240@mail.com
;;ced91d8f-1bdb-4fcb-8d1b-b71ba60f3f4d;ced91d8f-1bdb-4fcb-8d1b-b71ba60f3f4d;Supp-0241;Supp-Addr-0241;ofPhone-Supp-0241;pic-Supp-0241;mp_Supp-0241;1;1;16/06/2024 22:47;1;16/06/2024 22:47;;;supp-0241@mail.com
;;e06bbb77-fea6-49d0-a89a-e1af75fa14f4;e06bbb77-fea6-49d0-a89a-e1af75fa14f4;Supp-0242;Supp-Addr-0242;ofPhone-Supp-0242;pic-Supp-0242;mp_Supp-0242;1;1;16/06/2024 22:47;1;16/06/2024 22:47;;;supp-0242@mail.com
;;0164dbbe-11b5-4e20-ae08-30c661cee456;0164dbbe-11b5-4e20-ae08-30c661cee456;Supp-0243;Supp-Addr-0243;ofPhone-Supp-0243;pic-Supp-0243;mp_Supp-0243;1;1;16/06/2024 22:47;1;16/06/2024 22:47;;;supp-0243@mail.com
;;f85246f9-29c7-43d9-94b9-bfc967fd0266;f85246f9-29c7-43d9-94b9-bfc967fd0266;Supp-0244;Supp-Addr-0244;ofPhone-Supp-0244;pic-Supp-0244;mp_Supp-0244;1;1;16/06/2024 22:47;1;16/06/2024 22:47;;;supp-0244@mail.com
;;40deb6e9-2a36-4669-9482-866d2953e401;40deb6e9-2a36-4669-9482-866d2953e401;Supp-0245;Supp-Addr-0245;ofPhone-Supp-0245;pic-Supp-0245;mp_Supp-0245;1;1;16/06/2024 22:47;1;16/06/2024 22:47;;;supp-0245@mail.com
;;124d7981-58ea-4be1-a53d-38cacae7c114;124d7981-58ea-4be1-a53d-38cacae7c114;Supp-0246;Supp-Addr-0246;ofPhone-Supp-0246;pic-Supp-0246;mp_Supp-0246;1;1;16/06/2024 22:47;1;16/06/2024 22:47;;;supp-0246@mail.com
;;24d2fc1e-b56f-4af1-aabf-6d0c1174bb30;24d2fc1e-b56f-4af1-aabf-6d0c1174bb30;Supp-0247;Supp-Addr-0247;ofPhone-Supp-0247;pic-Supp-0247;mp_Supp-0247;1;1;16/06/2024 22:47;1;16/06/2024 22:47;;;supp-0247@mail.com
;;1efd884b-bad5-498d-91a2-8468b5cfec62;1efd884b-bad5-498d-91a2-8468b5cfec62;Supp-0248;Supp-Addr-0248;ofPhone-Supp-0248;pic-Supp-0248;mp_Supp-0248;1;1;16/06/2024 22:47;1;16/06/2024 22:47;;;supp-0248@mail.com
;;57dd7ded-45a0-4368-8f51-6f2cd5b7d950;57dd7ded-45a0-4368-8f51-6f2cd5b7d950;Supp-0249;Supp-Addr-0249;ofPhone-Supp-0249;pic-Supp-0249;mp_Supp-0249;1;1;16/06/2024 22:47;1;16/06/2024 22:47;;;supp-0249@mail.com
;;41eff17e-9593-409d-ab97-5c25462afb38;41eff17e-9593-409d-ab97-5c25462afb38;Supp-0250;Supp-Addr-0250;ofPhone-Supp-0250;pic-Supp-0250;mp_Supp-0250;1;1;16/06/2024 22:47;1;16/06/2024 22:47;;;supp-0250@mail.com
;;a7da8cd1-3b0e-4aff-a289-3ac7fe12e96f;a7da8cd1-3b0e-4aff-a289-3ac7fe12e96f;Supp-0251;Supp-Addr-0251;ofPhone-Supp-0251;pic-Supp-0251;mp_Supp-0251;1;1;16/06/2024 22:47;1;16/06/2024 22:47;;;supp-0251@mail.com
;;179b5199-6193-4740-9796-6d7811dfcca8;179b5199-6193-4740-9796-6d7811dfcca8;Supp-0252;Supp-Addr-0252;ofPhone-Supp-0252;pic-Supp-0252;mp_Supp-0252;1;1;16/06/2024 22:47;1;16/06/2024 22:47;;;supp-0252@mail.com
;;8bae178d-08d5-4bae-947e-b4666e765a46;8bae178d-08d5-4bae-947e-b4666e765a46;Supp-0253;Supp-Addr-0253;ofPhone-Supp-0253;pic-Supp-0253;mp_Supp-0253;1;1;16/06/2024 22:47;1;16/06/2024 22:47;;;supp-0253@mail.com
;;770496ad-f945-41ee-9165-5483afc79b4d;770496ad-f945-41ee-9165-5483afc79b4d;Supp-0254;Supp-Addr-0254;ofPhone-Supp-0254;pic-Supp-0254;mp_Supp-0254;1;1;16/06/2024 22:47;1;16/06/2024 22:47;;;supp-0254@mail.com
;;6bad961d-bb9c-4768-87a6-7ac5ff7b6fb8;6bad961d-bb9c-4768-87a6-7ac5ff7b6fb8;Supp-0255;Supp-Addr-0255;ofPhone-Supp-0255;pic-Supp-0255;mp_Supp-0255;1;1;16/06/2024 22:47;1;16/06/2024 22:47;;;supp-0255@mail.com
;;e6840fcd-f69e-442d-b404-e64e7a6cce9c;e6840fcd-f69e-442d-b404-e64e7a6cce9c;Supp-0256;Supp-Addr-0256;ofPhone-Supp-0256;pic-Supp-0256;mp_Supp-0256;1;1;16/06/2024 22:47;1;16/06/2024 22:47;;;supp-0256@mail.com
;;1a7d2f70-c95b-4a91-8569-c75619c9f040;1a7d2f70-c95b-4a91-8569-c75619c9f040;Supp-0257;Supp-Addr-0257;ofPhone-Supp-0257;pic-Supp-0257;mp_Supp-0257;1;1;16/06/2024 22:47;1;16/06/2024 22:47;;;supp-0257@mail.com
;;1c15b5df-804b-4f00-86c3-e54c2d945988;1c15b5df-804b-4f00-86c3-e54c2d945988;Supp-0258;Supp-Addr-0258;ofPhone-Supp-0258;pic-Supp-0258;mp_Supp-0258;1;1;16/06/2024 22:47;1;16/06/2024 22:47;;;supp-0258@mail.com
;;7ebb41f2-c32c-4234-aed9-1e2727a88eb7;7ebb41f2-c32c-4234-aed9-1e2727a88eb7;Supp-0259;Supp-Addr-0259;ofPhone-Supp-0259;pic-Supp-0259;mp_Supp-0259;1;1;16/06/2024 22:47;1;16/06/2024 22:47;;;supp-0259@mail.com
;;8fe33543-b403-4e4e-a359-901006dfbea6;8fe33543-b403-4e4e-a359-901006dfbea6;Supp-0260;Supp-Addr-0260;ofPhone-Supp-0260;pic-Supp-0260;mp_Supp-0260;1;1;16/06/2024 22:47;1;16/06/2024 22:47;;;supp-0260@mail.com
;;8cd96538-e22b-4011-8032-21c938163ce7;8cd96538-e22b-4011-8032-21c938163ce7;Supp-0261;Supp-Addr-0261;ofPhone-Supp-0261;pic-Supp-0261;mp_Supp-0261;1;1;16/06/2024 22:47;1;16/06/2024 22:47;;;supp-0261@mail.com
;;88432f72-45a2-47fa-9978-aa108b9975c6;88432f72-45a2-47fa-9978-aa108b9975c6;Supp-0262;Supp-Addr-0262;ofPhone-Supp-0262;pic-Supp-0262;mp_Supp-0262;1;1;16/06/2024 22:47;1;16/06/2024 22:47;;;supp-0262@mail.com
;;1491605e-8f98-4a39-a967-a4bedd07249e;1491605e-8f98-4a39-a967-a4bedd07249e;Supp-0263;Supp-Addr-0263;ofPhone-Supp-0263;pic-Supp-0263;mp_Supp-0263;1;1;16/06/2024 22:47;1;16/06/2024 22:47;;;supp-0263@mail.com
;;d70d9968-ffb9-4187-a9ca-bf379cb9885b;d70d9968-ffb9-4187-a9ca-bf379cb9885b;Supp-0264;Supp-Addr-0264;ofPhone-Supp-0264;pic-Supp-0264;mp_Supp-0264;1;1;16/06/2024 22:47;1;16/06/2024 22:47;;;supp-0264@mail.com
;;d0e5783c-9a05-4a1b-be96-526646e799f6;d0e5783c-9a05-4a1b-be96-526646e799f6;Supp-0265;Supp-Addr-0265;ofPhone-Supp-0265;pic-Supp-0265;mp_Supp-0265;1;1;16/06/2024 22:47;1;16/06/2024 22:47;;;supp-0265@mail.com
;;3fb12099-6bf3-4c1b-887e-0738e93bce9c;3fb12099-6bf3-4c1b-887e-0738e93bce9c;Supp-0266;Supp-Addr-0266;ofPhone-Supp-0266;pic-Supp-0266;mp_Supp-0266;1;1;16/06/2024 22:47;1;16/06/2024 22:47;;;supp-0266@mail.com
;;b651e94a-98db-4a06-9512-afe40487245c;b651e94a-98db-4a06-9512-afe40487245c;Supp-0267;Supp-Addr-0267;ofPhone-Supp-0267;pic-Supp-0267;mp_Supp-0267;1;1;16/06/2024 22:47;1;16/06/2024 22:47;;;supp-0267@mail.com
;;e89dbdc9-2459-4d99-93c5-b46ed11d709b;e89dbdc9-2459-4d99-93c5-b46ed11d709b;Supp-0268;Supp-Addr-0268;ofPhone-Supp-0268;pic-Supp-0268;mp_Supp-0268;1;1;16/06/2024 22:47;1;16/06/2024 22:47;;;supp-0268@mail.com
;;bad8feb0-80eb-47df-aa83-d3340569a821;bad8feb0-80eb-47df-aa83-d3340569a821;Supp-0269;Supp-Addr-0269;ofPhone-Supp-0269;pic-Supp-0269;mp_Supp-0269;1;1;16/06/2024 22:47;1;16/06/2024 22:47;;;supp-0269@mail.com
;;28f76eb5-e540-44be-8211-b01c0af28712;28f76eb5-e540-44be-8211-b01c0af28712;Supp-0270;Supp-Addr-0270;ofPhone-Supp-0270;pic-Supp-0270;mp_Supp-0270;1;1;16/06/2024 22:47;1;16/06/2024 22:47;;;supp-0270@mail.com
;;a5146352-08ba-4e6a-bd91-879a8709f18c;a5146352-08ba-4e6a-bd91-879a8709f18c;Supp-0271;Supp-Addr-0271;ofPhone-Supp-0271;pic-Supp-0271;mp_Supp-0271;1;1;16/06/2024 22:47;1;16/06/2024 22:47;;;supp-0271@mail.com
;;54b7320a-2f9a-41ac-8df8-36a51a8926a5;54b7320a-2f9a-41ac-8df8-36a51a8926a5;Supp-0272;Supp-Addr-0272;ofPhone-Supp-0272;pic-Supp-0272;mp_Supp-0272;1;1;16/06/2024 22:47;1;16/06/2024 22:47;;;supp-0272@mail.com
;;657cb6b4-d33e-4680-8be4-3516458cac49;657cb6b4-d33e-4680-8be4-3516458cac49;Supp-0273;Supp-Addr-0273;ofPhone-Supp-0273;pic-Supp-0273;mp_Supp-0273;1;1;16/06/2024 22:47;1;16/06/2024 22:47;;;supp-0273@mail.com
;;b4cf2853-b5fb-409c-b07e-1f7451db7bc0;b4cf2853-b5fb-409c-b07e-1f7451db7bc0;Supp-0274;Supp-Addr-0274;ofPhone-Supp-0274;pic-Supp-0274;mp_Supp-0274;1;1;16/06/2024 22:47;1;16/06/2024 22:47;;;supp-0274@mail.com
;;3310d74d-77c8-488b-a05d-19e270fc69c9;3310d74d-77c8-488b-a05d-19e270fc69c9;Supp-0275;Supp-Addr-0275;ofPhone-Supp-0275;pic-Supp-0275;mp_Supp-0275;1;1;16/06/2024 22:47;1;16/06/2024 22:47;;;supp-0275@mail.com
;;095bab6c-0e4e-4576-9d47-2136dc80f6f0;095bab6c-0e4e-4576-9d47-2136dc80f6f0;Supp-0276;Supp-Addr-0276;ofPhone-Supp-0276;pic-Supp-0276;mp_Supp-0276;1;1;16/06/2024 22:47;1;16/06/2024 22:47;;;supp-0276@mail.com
;;7411467e-e134-4e30-b8c6-0fa744418da7;7411467e-e134-4e30-b8c6-0fa744418da7;Supp-0277;Supp-Addr-0277;ofPhone-Supp-0277;pic-Supp-0277;mp_Supp-0277;1;1;16/06/2024 22:47;1;16/06/2024 22:47;;;supp-0277@mail.com
;;97e47837-855c-423e-8d1e-dd50796ff54e;97e47837-855c-423e-8d1e-dd50796ff54e;Supp-0278;Supp-Addr-0278;ofPhone-Supp-0278;pic-Supp-0278;mp_Supp-0278;1;1;16/06/2024 22:47;1;16/06/2024 22:47;;;supp-0278@mail.com
;;11781630-51fa-414a-91f5-027b920b0e9a;11781630-51fa-414a-91f5-027b920b0e9a;Supp-0279;Supp-Addr-0279;ofPhone-Supp-0279;pic-Supp-0279;mp_Supp-0279;1;1;16/06/2024 22:47;1;16/06/2024 22:47;;;supp-0279@mail.com
;;bada627b-f5dd-4316-b0cb-82043999ac45;bada627b-f5dd-4316-b0cb-82043999ac45;Supp-0280;Supp-Addr-0280;ofPhone-Supp-0280;pic-Supp-0280;mp_Supp-0280;1;1;16/06/2024 22:47;1;16/06/2024 22:47;;;supp-0280@mail.com
;;a106fc42-76d6-4ca3-9b1c-932e0adaa57e;a106fc42-76d6-4ca3-9b1c-932e0adaa57e;Supp-0281;Supp-Addr-0281;ofPhone-Supp-0281;pic-Supp-0281;mp_Supp-0281;1;1;16/06/2024 22:47;1;16/06/2024 22:47;;;supp-0281@mail.com
;;c5a77c82-267a-474b-938d-bdcd679b6625;c5a77c82-267a-474b-938d-bdcd679b6625;Supp-0282;Supp-Addr-0282;ofPhone-Supp-0282;pic-Supp-0282;mp_Supp-0282;1;1;16/06/2024 22:47;1;16/06/2024 22:47;;;supp-0282@mail.com
;;86cf851d-702b-44c5-b8c4-cb3d88c92a7f;86cf851d-702b-44c5-b8c4-cb3d88c92a7f;Supp-0283;Supp-Addr-0283;ofPhone-Supp-0283;pic-Supp-0283;mp_Supp-0283;1;1;16/06/2024 22:47;1;16/06/2024 22:47;;;supp-0283@mail.com
;;750b9713-b0ad-4ce8-adc9-a818de676697;750b9713-b0ad-4ce8-adc9-a818de676697;Supp-0284;Supp-Addr-0284;ofPhone-Supp-0284;pic-Supp-0284;mp_Supp-0284;1;1;16/06/2024 22:47;1;16/06/2024 22:47;;;supp-0284@mail.com
;;c762215a-ce05-4f86-a067-6869c319ea8e;c762215a-ce05-4f86-a067-6869c319ea8e;Supp-0285;Supp-Addr-0285;ofPhone-Supp-0285;pic-Supp-0285;mp_Supp-0285;1;1;16/06/2024 22:47;1;16/06/2024 22:47;;;supp-0285@mail.com
;;f2eac5e9-dc13-4580-ab97-d15acb9f3f5c;f2eac5e9-dc13-4580-ab97-d15acb9f3f5c;Supp-0286;Supp-Addr-0286;ofPhone-Supp-0286;pic-Supp-0286;mp_Supp-0286;1;1;16/06/2024 22:47;1;16/06/2024 22:47;;;supp-0286@mail.com
;;bc29dc68-1cbd-4a0d-bce7-a15298704617;bc29dc68-1cbd-4a0d-bce7-a15298704617;Supp-0287;Supp-Addr-0287;ofPhone-Supp-0287;pic-Supp-0287;mp_Supp-0287;1;1;16/06/2024 22:47;1;16/06/2024 22:47;;;supp-0287@mail.com
;;7f7d4e1a-967a-492d-96a0-f7e4bd2400a8;7f7d4e1a-967a-492d-96a0-f7e4bd2400a8;Supp-0288;Supp-Addr-0288;ofPhone-Supp-0288;pic-Supp-0288;mp_Supp-0288;1;1;16/06/2024 22:47;1;16/06/2024 22:47;;;supp-0288@mail.com
;;047e0b9b-ac53-4421-8ea0-9844e34ac136;047e0b9b-ac53-4421-8ea0-9844e34ac136;Supp-0289;Supp-Addr-0289;ofPhone-Supp-0289;pic-Supp-0289;mp_Supp-0289;1;1;16/06/2024 22:47;1;16/06/2024 22:47;;;supp-0289@mail.com
;;7f9a99c4-4ae1-4920-b894-68c0d23d488c;7f9a99c4-4ae1-4920-b894-68c0d23d488c;Supp-0290;Supp-Addr-0290;ofPhone-Supp-0290;pic-Supp-0290;mp_Supp-0290;1;1;16/06/2024 22:47;1;16/06/2024 22:47;;;supp-0290@mail.com
;;1eb14359-c192-420e-aee7-d9974fcc4c38;1eb14359-c192-420e-aee7-d9974fcc4c38;Supp-0291;Supp-Addr-0291;ofPhone-Supp-0291;pic-Supp-0291;mp_Supp-0291;1;1;16/06/2024 22:47;1;16/06/2024 22:47;;;supp-0291@mail.com
;;1e9ee672-8ffd-40c9-83bb-1ee7180274e4;1e9ee672-8ffd-40c9-83bb-1ee7180274e4;Supp-0292;Supp-Addr-0292;ofPhone-Supp-0292;pic-Supp-0292;mp_Supp-0292;1;1;16/06/2024 22:47;1;16/06/2024 22:47;;;supp-0292@mail.com
;;0a7760f8-eb2a-4774-be42-9c946924443d;0a7760f8-eb2a-4774-be42-9c946924443d;Supp-0293;Supp-Addr-0293;ofPhone-Supp-0293;pic-Supp-0293;mp_Supp-0293;1;1;16/06/2024 22:47;1;16/06/2024 22:47;;;supp-0293@mail.com
;;bf4d8856-044c-4f59-bffb-d55ca4004705;bf4d8856-044c-4f59-bffb-d55ca4004705;Supp-0294;Supp-Addr-0294;ofPhone-Supp-0294;pic-Supp-0294;mp_Supp-0294;1;1;16/06/2024 22:47;1;16/06/2024 22:47;;;supp-0294@mail.com
;;5e37faa8-47f5-4f95-81f7-624a9c4b78d9;5e37faa8-47f5-4f95-81f7-624a9c4b78d9;Supp-0295;Supp-Addr-0295;ofPhone-Supp-0295;pic-Supp-0295;mp_Supp-0295;1;1;16/06/2024 22:47;1;16/06/2024 22:47;;;supp-0295@mail.com
;;a92849e8-3398-48e9-be0a-5cdd4f6000e3;a92849e8-3398-48e9-be0a-5cdd4f6000e3;Supp-0296;Supp-Addr-0296;ofPhone-Supp-0296;pic-Supp-0296;mp_Supp-0296;1;1;16/06/2024 22:47;1;16/06/2024 22:47;;;supp-0296@mail.com
;;249cc175-264b-4b91-b3bf-ccb6bbea870a;249cc175-264b-4b91-b3bf-ccb6bbea870a;Supp-0297;Supp-Addr-0297;ofPhone-Supp-0297;pic-Supp-0297;mp_Supp-0297;1;1;16/06/2024 22:47;1;16/06/2024 22:47;;;supp-0297@mail.com
;;0dfc4562-ff57-49b0-b38e-95d4d5abbfb3;0dfc4562-ff57-49b0-b38e-95d4d5abbfb3;Supp-0298;Supp-Addr-0298;ofPhone-Supp-0298;pic-Supp-0298;mp_Supp-0298;1;1;16/06/2024 22:47;1;16/06/2024 22:47;;;supp-0298@mail.com
;;5054331b-b072-459d-936d-ebe512e425cd;5054331b-b072-459d-936d-ebe512e425cd;Supp-0299;Supp-Addr-0299;ofPhone-Supp-0299;pic-Supp-0299;mp_Supp-0299;1;1;16/06/2024 22:47;1;16/06/2024 22:47;;;supp-0299@mail.com
;;cd2894a8-1307-4b3c-8c68-384403515ece;cd2894a8-1307-4b3c-8c68-384403515ece;Supp-0300;Supp-Addr-0300;ofPhone-Supp-0300;pic-Supp-0300;mp_Supp-0300;1;1;16/06/2024 22:47;1;16/06/2024 22:47;;;supp-0300@mail.com
;;e0c5c042-0b17-48c2-ae3f-8c87a90eddfd;e0c5c042-0b17-48c2-ae3f-8c87a90eddfd;Supp-0301;Supp-Addr-0301;ofPhone-Supp-0301;pic-Supp-0301;mp_Supp-0301;1;1;16/06/2024 22:47;1;16/06/2024 22:47;;;supp-0301@mail.com
;;ff1f6522-311e-4cc5-b119-4bd48f814624;ff1f6522-311e-4cc5-b119-4bd48f814624;Supp-0302;Supp-Addr-0302;ofPhone-Supp-0302;pic-Supp-0302;mp_Supp-0302;1;1;16/06/2024 22:47;1;16/06/2024 22:47;;;supp-0302@mail.com
;;8ec8c5ee-068c-4a93-b27a-76633417482a;8ec8c5ee-068c-4a93-b27a-76633417482a;Supp-0303;Supp-Addr-0303;ofPhone-Supp-0303;pic-Supp-0303;mp_Supp-0303;1;1;16/06/2024 22:47;1;16/06/2024 22:47;;;supp-0303@mail.com
;;c7fa84de-b502-433c-8955-ea712c58ffbd;c7fa84de-b502-433c-8955-ea712c58ffbd;Supp-0304;Supp-Addr-0304;ofPhone-Supp-0304;pic-Supp-0304;mp_Supp-0304;1;1;16/06/2024 22:47;1;16/06/2024 22:47;;;supp-0304@mail.com
;;0b6da7eb-931d-4918-ac7d-fa7c6d155916;0b6da7eb-931d-4918-ac7d-fa7c6d155916;Supp-0305;Supp-Addr-0305;ofPhone-Supp-0305;pic-Supp-0305;mp_Supp-0305;1;1;16/06/2024 22:47;1;16/06/2024 22:47;;;supp-0305@mail.com
;;eaccad1e-d94c-48b2-b997-b447d88c8ee2;eaccad1e-d94c-48b2-b997-b447d88c8ee2;Supp-0306;Supp-Addr-0306;ofPhone-Supp-0306;pic-Supp-0306;mp_Supp-0306;1;1;16/06/2024 22:47;1;16/06/2024 22:47;;;supp-0306@mail.com
;;61cabec6-f83c-43d7-97af-fc2f90ce8e5d;61cabec6-f83c-43d7-97af-fc2f90ce8e5d;Supp-0307;Supp-Addr-0307;ofPhone-Supp-0307;pic-Supp-0307;mp_Supp-0307;1;1;16/06/2024 22:47;1;16/06/2024 22:47;;;supp-0307@mail.com
;;cc7b3d9d-3955-43c3-b09c-c57fd590d02c;cc7b3d9d-3955-43c3-b09c-c57fd590d02c;Supp-0308;Supp-Addr-0308;ofPhone-Supp-0308;pic-Supp-0308;mp_Supp-0308;1;1;16/06/2024 22:47;1;16/06/2024 22:47;;;supp-0308@mail.com
;;5d0a8d97-28b2-4a64-b9a2-dbf336eaa07b;5d0a8d97-28b2-4a64-b9a2-dbf336eaa07b;Supp-0309;Supp-Addr-0309;ofPhone-Supp-0309;pic-Supp-0309;mp_Supp-0309;1;1;16/06/2024 22:47;1;16/06/2024 22:47;;;supp-0309@mail.com
;;d7b1eb40-344a-4a52-93c3-1a9d8ff5731c;d7b1eb40-344a-4a52-93c3-1a9d8ff5731c;Supp-0310;Supp-Addr-0310;ofPhone-Supp-0310;pic-Supp-0310;mp_Supp-0310;1;1;16/06/2024 22:47;1;16/06/2024 22:47;;;supp-0310@mail.com
;;a73e751b-d859-4c20-982e-947c9cc052c2;a73e751b-d859-4c20-982e-947c9cc052c2;Supp-0311;Supp-Addr-0311;ofPhone-Supp-0311;pic-Supp-0311;mp_Supp-0311;1;1;16/06/2024 22:47;1;16/06/2024 22:47;;;supp-0311@mail.com
;;634bc298-d75f-4f6f-941b-258504dba39a;634bc298-d75f-4f6f-941b-258504dba39a;Supp-0312;Supp-Addr-0312;ofPhone-Supp-0312;pic-Supp-0312;mp_Supp-0312;1;1;16/06/2024 22:47;1;16/06/2024 22:47;;;supp-0312@mail.com
;;42fd96a6-9521-465a-98da-f8f8c6b7e788;42fd96a6-9521-465a-98da-f8f8c6b7e788;Supp-0313;Supp-Addr-0313;ofPhone-Supp-0313;pic-Supp-0313;mp_Supp-0313;1;1;16/06/2024 22:47;1;16/06/2024 22:47;;;supp-0313@mail.com
;;f9e2aea5-d4e6-4350-9f8a-151846ad9708;f9e2aea5-d4e6-4350-9f8a-151846ad9708;Supp-0314;Supp-Addr-0314;ofPhone-Supp-0314;pic-Supp-0314;mp_Supp-0314;1;1;16/06/2024 22:47;1;16/06/2024 22:47;;;supp-0314@mail.com
;;7e60f4d9-366f-46c1-affb-be3a922165bb;7e60f4d9-366f-46c1-affb-be3a922165bb;Supp-0315;Supp-Addr-0315;ofPhone-Supp-0315;pic-Supp-0315;mp_Supp-0315;1;1;16/06/2024 22:47;1;16/06/2024 22:47;;;supp-0315@mail.com
;;319447d1-3dab-46d4-b742-767d6c630a92;319447d1-3dab-46d4-b742-767d6c630a92;Supp-0316;Supp-Addr-0316;ofPhone-Supp-0316;pic-Supp-0316;mp_Supp-0316;1;1;16/06/2024 22:47;1;16/06/2024 22:47;;;supp-0316@mail.com
;;11ff1693-92b0-459e-abdd-7ccaa08693ee;11ff1693-92b0-459e-abdd-7ccaa08693ee;Supp-0317;Supp-Addr-0317;ofPhone-Supp-0317;pic-Supp-0317;mp_Supp-0317;1;1;16/06/2024 22:47;1;16/06/2024 22:47;;;supp-0317@mail.com
;;7b4f8810-7dab-4366-889a-a7509b90bacd;7b4f8810-7dab-4366-889a-a7509b90bacd;Supp-0318;Supp-Addr-0318;ofPhone-Supp-0318;pic-Supp-0318;mp_Supp-0318;1;1;16/06/2024 22:47;1;16/06/2024 22:47;;;supp-0318@mail.com
;;1d2e25f0-9cf7-4330-bf5c-06fbc84ab72d;1d2e25f0-9cf7-4330-bf5c-06fbc84ab72d;Supp-0319;Supp-Addr-0319;ofPhone-Supp-0319;pic-Supp-0319;mp_Supp-0319;1;1;16/06/2024 22:47;1;16/06/2024 22:47;;;supp-0319@mail.com
;;8224d420-1598-427b-a355-5a4c2b68656d;8224d420-1598-427b-a355-5a4c2b68656d;Supp-0320;Supp-Addr-0320;ofPhone-Supp-0320;pic-Supp-0320;mp_Supp-0320;1;1;16/06/2024 22:47;1;16/06/2024 22:47;;;supp-0320@mail.com
;;df0404cf-cb28-4829-9b2d-3a107050bd0d;df0404cf-cb28-4829-9b2d-3a107050bd0d;Supp-0321;Supp-Addr-0321;ofPhone-Supp-0321;pic-Supp-0321;mp_Supp-0321;1;1;16/06/2024 22:47;1;16/06/2024 22:47;;;supp-0321@mail.com
;;13137b8b-71fa-4319-8377-71c240028a9d;13137b8b-71fa-4319-8377-71c240028a9d;Supp-0322;Supp-Addr-0322;ofPhone-Supp-0322;pic-Supp-0322;mp_Supp-0322;1;1;16/06/2024 22:47;1;16/06/2024 22:47;;;supp-0322@mail.com
;;9aead62e-e11d-46cd-94ea-d20fbc97a4f5;9aead62e-e11d-46cd-94ea-d20fbc97a4f5;Supp-0323;Supp-Addr-0323;ofPhone-Supp-0323;pic-Supp-0323;mp_Supp-0323;1;1;16/06/2024 22:47;1;16/06/2024 22:47;;;supp-0323@mail.com
;;f20f9318-e513-4ea3-8ef9-e2a29e49e694;f20f9318-e513-4ea3-8ef9-e2a29e49e694;Supp-0324;Supp-Addr-0324;ofPhone-Supp-0324;pic-Supp-0324;mp_Supp-0324;1;1;16/06/2024 22:47;1;16/06/2024 22:47;;;supp-0324@mail.com
;;3672a139-4673-41f1-9fdd-512ddaa91e4f;3672a139-4673-41f1-9fdd-512ddaa91e4f;Supp-0325;Supp-Addr-0325;ofPhone-Supp-0325;pic-Supp-0325;mp_Supp-0325;1;1;16/06/2024 22:47;1;16/06/2024 22:47;;;supp-0325@mail.com
;;fcb00668-aafe-4960-a77c-6103479c34ef;fcb00668-aafe-4960-a77c-6103479c34ef;Supp-0326;Supp-Addr-0326;ofPhone-Supp-0326;pic-Supp-0326;mp_Supp-0326;1;1;16/06/2024 22:47;1;16/06/2024 22:47;;;supp-0326@mail.com
;;c8c0a865-65b8-4ad9-891c-3b232ba8e953;c8c0a865-65b8-4ad9-891c-3b232ba8e953;Supp-0327;Supp-Addr-0327;ofPhone-Supp-0327;pic-Supp-0327;mp_Supp-0327;1;1;16/06/2024 22:47;1;16/06/2024 22:47;;;supp-0327@mail.com
;;dc3eb33a-8709-4c2b-864f-a4656f5a1e2b;dc3eb33a-8709-4c2b-864f-a4656f5a1e2b;Supp-0328;Supp-Addr-0328;ofPhone-Supp-0328;pic-Supp-0328;mp_Supp-0328;1;1;16/06/2024 22:47;1;16/06/2024 22:47;;;supp-0328@mail.com
;;9e228d44-33c2-4a13-9c01-504a1d0e293c;9e228d44-33c2-4a13-9c01-504a1d0e293c;Supp-0329;Supp-Addr-0329;ofPhone-Supp-0329;pic-Supp-0329;mp_Supp-0329;1;1;16/06/2024 22:47;1;16/06/2024 22:47;;;supp-0329@mail.com
;;092522c9-1fb6-475b-9f3c-9c59c41b7521;092522c9-1fb6-475b-9f3c-9c59c41b7521;Supp-0330;Supp-Addr-0330;ofPhone-Supp-0330;pic-Supp-0330;mp_Supp-0330;1;1;16/06/2024 22:47;1;16/06/2024 22:47;;;supp-0330@mail.com
;;3bfe002e-d5a3-438b-b140-33b743b7de7c;3bfe002e-d5a3-438b-b140-33b743b7de7c;Supp-0331;Supp-Addr-0331;ofPhone-Supp-0331;pic-Supp-0331;mp_Supp-0331;1;1;16/06/2024 22:47;1;16/06/2024 22:47;;;supp-0331@mail.com
;;b9adfcd5-f12e-4daa-a3bd-68441bb0ade5;b9adfcd5-f12e-4daa-a3bd-68441bb0ade5;Supp-0332;Supp-Addr-0332;ofPhone-Supp-0332;pic-Supp-0332;mp_Supp-0332;1;1;16/06/2024 22:47;1;16/06/2024 22:47;;;supp-0332@mail.com
;;1eeed572-0b84-4070-9ec2-8306ef12f04a;1eeed572-0b84-4070-9ec2-8306ef12f04a;Supp-0333;Supp-Addr-0333;ofPhone-Supp-0333;pic-Supp-0333;mp_Supp-0333;1;1;16/06/2024 22:47;1;16/06/2024 22:47;;;supp-0333@mail.com
;;695aef65-36a4-4a94-9d88-41ea357d8152;695aef65-36a4-4a94-9d88-41ea357d8152;Supp-0334;Supp-Addr-0334;ofPhone-Supp-0334;pic-Supp-0334;mp_Supp-0334;1;1;16/06/2024 22:47;1;16/06/2024 22:47;;;supp-0334@mail.com
;;26176a38-9c6b-4531-be8a-9d98ef38a145;26176a38-9c6b-4531-be8a-9d98ef38a145;Supp-0335;Supp-Addr-0335;ofPhone-Supp-0335;pic-Supp-0335;mp_Supp-0335;1;1;16/06/2024 22:47;1;16/06/2024 22:47;;;supp-0335@mail.com
;;bd4742a8-5ec8-43a0-894d-e640b5b02fa8;bd4742a8-5ec8-43a0-894d-e640b5b02fa8;Supp-0336;Supp-Addr-0336;ofPhone-Supp-0336;pic-Supp-0336;mp_Supp-0336;1;1;16/06/2024 22:47;1;16/06/2024 22:47;;;supp-0336@mail.com
;;b5e2e0da-bd37-4403-b673-a77e759942ec;b5e2e0da-bd37-4403-b673-a77e759942ec;Supp-0337;Supp-Addr-0337;ofPhone-Supp-0337;pic-Supp-0337;mp_Supp-0337;1;1;16/06/2024 22:47;1;16/06/2024 22:47;;;supp-0337@mail.com
;;5c6486da-aa33-4716-9e45-e9eeaa98d61b;5c6486da-aa33-4716-9e45-e9eeaa98d61b;Supp-0338;Supp-Addr-0338;ofPhone-Supp-0338;pic-Supp-0338;mp_Supp-0338;1;1;16/06/2024 22:47;1;16/06/2024 22:47;;;supp-0338@mail.com
;;e979648e-7a38-4547-856d-873d5ba34347;e979648e-7a38-4547-856d-873d5ba34347;Supp-0339;Supp-Addr-0339;ofPhone-Supp-0339;pic-Supp-0339;mp_Supp-0339;1;1;16/06/2024 22:47;1;16/06/2024 22:47;;;supp-0339@mail.com
;;5c359991-e0c5-49c9-85c6-3b775f061964;5c359991-e0c5-49c9-85c6-3b775f061964;Supp-0340;Supp-Addr-0340;ofPhone-Supp-0340;pic-Supp-0340;mp_Supp-0340;1;1;16/06/2024 22:47;1;16/06/2024 22:47;;;supp-0340@mail.com
;;c07ec97d-16af-46b7-bb2e-937e9672eb4c;c07ec97d-16af-46b7-bb2e-937e9672eb4c;Supp-0341;Supp-Addr-0341;ofPhone-Supp-0341;pic-Supp-0341;mp_Supp-0341;1;1;16/06/2024 22:47;1;16/06/2024 22:47;;;supp-0341@mail.com
;;1146946c-8938-4246-85c1-c7d30308f731;1146946c-8938-4246-85c1-c7d30308f731;Supp-0342;Supp-Addr-0342;ofPhone-Supp-0342;pic-Supp-0342;mp_Supp-0342;1;1;16/06/2024 22:47;1;16/06/2024 22:47;;;supp-0342@mail.com
;;4636fc33-def8-4041-9323-e17912fdbfbc;4636fc33-def8-4041-9323-e17912fdbfbc;Supp-0343;Supp-Addr-0343;ofPhone-Supp-0343;pic-Supp-0343;mp_Supp-0343;1;1;16/06/2024 22:47;1;16/06/2024 22:47;;;supp-0343@mail.com
;;1c52cb1b-f789-4b4a-a6cf-003e461ae08b;1c52cb1b-f789-4b4a-a6cf-003e461ae08b;Supp-0344;Supp-Addr-0344;ofPhone-Supp-0344;pic-Supp-0344;mp_Supp-0344;1;1;16/06/2024 22:47;1;16/06/2024 22:47;;;supp-0344@mail.com
;;d12c65c1-74c9-4955-a3b9-8b175c71acc1;d12c65c1-74c9-4955-a3b9-8b175c71acc1;Supp-0345;Supp-Addr-0345;ofPhone-Supp-0345;pic-Supp-0345;mp_Supp-0345;1;1;16/06/2024 22:47;1;16/06/2024 22:47;;;supp-0345@mail.com
;;1825e603-e0eb-44e5-a1cd-b747e39cf006;1825e603-e0eb-44e5-a1cd-b747e39cf006;Supp-0346;Supp-Addr-0346;ofPhone-Supp-0346;pic-Supp-0346;mp_Supp-0346;1;1;16/06/2024 22:47;1;16/06/2024 22:47;;;supp-0346@mail.com
;;dc13d45c-edaf-486d-8e35-514095456841;dc13d45c-edaf-486d-8e35-514095456841;Supp-0347;Supp-Addr-0347;ofPhone-Supp-0347;pic-Supp-0347;mp_Supp-0347;1;1;16/06/2024 22:47;1;16/06/2024 22:47;;;supp-0347@mail.com
;;11f53625-fb6b-433f-ab2f-4bd9c1b50e53;11f53625-fb6b-433f-ab2f-4bd9c1b50e53;Supp-0348;Supp-Addr-0348;ofPhone-Supp-0348;pic-Supp-0348;mp_Supp-0348;1;1;16/06/2024 22:47;1;16/06/2024 22:47;;;supp-0348@mail.com
;;8fe2d5d6-0436-45e8-b0b8-65e619dca704;8fe2d5d6-0436-45e8-b0b8-65e619dca704;Supp-0349;Supp-Addr-0349;ofPhone-Supp-0349;pic-Supp-0349;mp_Supp-0349;1;1;16/06/2024 22:47;1;16/06/2024 22:47;;;supp-0349@mail.com
;;7806d46b-c0d4-4fb8-8b2f-628448d58059;7806d46b-c0d4-4fb8-8b2f-628448d58059;Supp-0350;Supp-Addr-0350;ofPhone-Supp-0350;pic-Supp-0350;mp_Supp-0350;1;1;16/06/2024 22:47;1;16/06/2024 22:47;;;supp-0350@mail.com
;;7be973da-fd0f-49fc-8ddb-0ad8c54efdea;7be973da-fd0f-49fc-8ddb-0ad8c54efdea;Supp-0351;Supp-Addr-0351;ofPhone-Supp-0351;pic-Supp-0351;mp_Supp-0351;1;1;16/06/2024 22:47;1;16/06/2024 22:47;;;supp-0351@mail.com
;;9bb0d601-0219-406e-ae1e-2a56b1f5d62d;9bb0d601-0219-406e-ae1e-2a56b1f5d62d;Supp-0352;Supp-Addr-0352;ofPhone-Supp-0352;pic-Supp-0352;mp_Supp-0352;1;1;16/06/2024 22:47;1;16/06/2024 22:47;;;supp-0352@mail.com
;;6332aae6-fe16-47af-b980-504b12ae834f;6332aae6-fe16-47af-b980-504b12ae834f;Supp-0353;Supp-Addr-0353;ofPhone-Supp-0353;pic-Supp-0353;mp_Supp-0353;1;1;16/06/2024 22:47;1;16/06/2024 22:47;;;supp-0353@mail.com
;;daa43b07-40c6-43ab-8c0d-95433c2e3005;daa43b07-40c6-43ab-8c0d-95433c2e3005;Supp-0354;Supp-Addr-0354;ofPhone-Supp-0354;pic-Supp-0354;mp_Supp-0354;1;1;16/06/2024 22:47;1;16/06/2024 22:47;;;supp-0354@mail.com
;;982f1247-0621-43f4-a6ab-f92a7abd93e5;982f1247-0621-43f4-a6ab-f92a7abd93e5;Supp-0355;Supp-Addr-0355;ofPhone-Supp-0355;pic-Supp-0355;mp_Supp-0355;1;1;16/06/2024 22:47;1;16/06/2024 22:47;;;supp-0355@mail.com
;;eac3e8ed-01d9-4761-806d-626feb79d952;eac3e8ed-01d9-4761-806d-626feb79d952;Supp-0356;Supp-Addr-0356;ofPhone-Supp-0356;pic-Supp-0356;mp_Supp-0356;1;1;16/06/2024 22:47;1;16/06/2024 22:47;;;supp-0356@mail.com
;;58d4116c-130b-43ac-b68e-1761f36d7929;58d4116c-130b-43ac-b68e-1761f36d7929;Supp-0357;Supp-Addr-0357;ofPhone-Supp-0357;pic-Supp-0357;mp_Supp-0357;1;1;16/06/2024 22:47;1;16/06/2024 22:47;;;supp-0357@mail.com
;;ad2e2b49-83a1-4e77-a075-5b804a22b066;ad2e2b49-83a1-4e77-a075-5b804a22b066;Supp-0358;Supp-Addr-0358;ofPhone-Supp-0358;pic-Supp-0358;mp_Supp-0358;1;1;16/06/2024 22:47;1;16/06/2024 22:47;;;supp-0358@mail.com
;;48f9679d-c5fb-4eef-a3e3-ed027ae4ad86;48f9679d-c5fb-4eef-a3e3-ed027ae4ad86;Supp-0359;Supp-Addr-0359;ofPhone-Supp-0359;pic-Supp-0359;mp_Supp-0359;1;1;16/06/2024 22:47;1;16/06/2024 22:47;;;supp-0359@mail.com
;;b31112f1-c29f-4b80-b99c-faa64822af38;b31112f1-c29f-4b80-b99c-faa64822af38;Supp-0360;Supp-Addr-0360;ofPhone-Supp-0360;pic-Supp-0360;mp_Supp-0360;1;1;16/06/2024 22:47;1;16/06/2024 22:47;;;supp-0360@mail.com
;;b4c4bbd3-f82b-4bca-a7d7-04991d61820c;b4c4bbd3-f82b-4bca-a7d7-04991d61820c;Supp-0361;Supp-Addr-0361;ofPhone-Supp-0361;pic-Supp-0361;mp_Supp-0361;1;1;16/06/2024 22:47;1;16/06/2024 22:47;;;supp-0361@mail.com
;;ed9d40d6-a1aa-437b-990f-0f10cb64c574;ed9d40d6-a1aa-437b-990f-0f10cb64c574;Supp-0362;Supp-Addr-0362;ofPhone-Supp-0362;pic-Supp-0362;mp_Supp-0362;1;1;16/06/2024 22:47;1;16/06/2024 22:47;;;supp-0362@mail.com
;;c33b7c60-1211-458d-9c1a-2c751a716070;c33b7c60-1211-458d-9c1a-2c751a716070;Supp-0363;Supp-Addr-0363;ofPhone-Supp-0363;pic-Supp-0363;mp_Supp-0363;1;1;16/06/2024 22:47;1;16/06/2024 22:47;;;supp-0363@mail.com
;;0ae7d215-b37e-4acb-818e-4227f881b299;0ae7d215-b37e-4acb-818e-4227f881b299;Supp-0364;Supp-Addr-0364;ofPhone-Supp-0364;pic-Supp-0364;mp_Supp-0364;1;1;16/06/2024 22:47;1;16/06/2024 22:47;;;supp-0364@mail.com
;;49cf3fcf-635d-4c98-bf74-b5a798dad4bf;49cf3fcf-635d-4c98-bf74-b5a798dad4bf;Supp-0365;Supp-Addr-0365;ofPhone-Supp-0365;pic-Supp-0365;mp_Supp-0365;1;1;16/06/2024 22:47;1;16/06/2024 22:47;;;supp-0365@mail.com
;;34310d6d-e8a9-4b7f-a6e5-8f945d7d754b;34310d6d-e8a9-4b7f-a6e5-8f945d7d754b;Supp-0366;Supp-Addr-0366;ofPhone-Supp-0366;pic-Supp-0366;mp_Supp-0366;1;1;16/06/2024 22:47;1;16/06/2024 22:47;;;supp-0366@mail.com
;;13344787-a277-46cf-85e0-57130d7ec391;13344787-a277-46cf-85e0-57130d7ec391;Supp-0367;Supp-Addr-0367;ofPhone-Supp-0367;pic-Supp-0367;mp_Supp-0367;1;1;16/06/2024 22:47;1;16/06/2024 22:47;;;supp-0367@mail.com
;;adbdf54d-2d74-414a-b2ec-c0870bc7072e;adbdf54d-2d74-414a-b2ec-c0870bc7072e;Supp-0368;Supp-Addr-0368;ofPhone-Supp-0368;pic-Supp-0368;mp_Supp-0368;1;1;16/06/2024 22:47;1;16/06/2024 22:47;;;supp-0368@mail.com
;;58cf63c5-c69c-4f2b-9495-8ff126c3aba4;58cf63c5-c69c-4f2b-9495-8ff126c3aba4;Supp-0369;Supp-Addr-0369;ofPhone-Supp-0369;pic-Supp-0369;mp_Supp-0369;1;1;16/06/2024 22:47;1;16/06/2024 22:47;;;supp-0369@mail.com
;;a50ba66b-a507-47ba-878f-fc699808aa54;a50ba66b-a507-47ba-878f-fc699808aa54;Supp-0370;Supp-Addr-0370;ofPhone-Supp-0370;pic-Supp-0370;mp_Supp-0370;1;1;16/06/2024 22:47;1;16/06/2024 22:47;;;supp-0370@mail.com
;;5da95e8f-2679-4f35-a105-401fdb7fc86e;5da95e8f-2679-4f35-a105-401fdb7fc86e;Supp-0371;Supp-Addr-0371;ofPhone-Supp-0371;pic-Supp-0371;mp_Supp-0371;1;1;16/06/2024 22:47;1;16/06/2024 22:47;;;supp-0371@mail.com
